[{"model": "admin.logentry", "pk": 1, "fields": {"action_time": "2022-02-14T14:00:56.241Z", "user": 1, "content_type": 1, "object_id": "1", "object_repr": "Витамины", "action_flag": 1, "change_message": "[{\"added\": {}}]"}}, {"model": "admin.logentry", "pk": 2, "fields": {"action_time": "2022-02-14T14:01:46.840Z", "user": 1, "content_type": 2, "object_id": "1", "object_repr": "cranberry pills", "action_flag": 1, "change_message": "[{\"added\": {}}]"}}, {"model": "admin.logentry", "pk": 3, "fields": {"action_time": "2022-02-14T14:02:28.156Z", "user": 1, "content_type": 2, "object_id": "1", "object_repr": "cranberry pills", "action_flag": 2, "change_message": "[{\"changed\": {\"fields\": [\"\\u041a\\u043e\\u043b\\u0438\\u0447\\u0435\\u0441\\u0442\\u0432\\u043e\"]}}]"}}, {"model": "admin.logentry", "pk": 4, "fields": {"action_time": "2022-02-16T11:09:18.521Z", "user": 1, "content_type": 2, "object_id": "2", "object_repr": "Vital Vitamins", "action_flag": 1, "change_message": "[{\"added\": {}}]"}}, {"model": "admin.logentry", "pk": 5, "fields": {"action_time": "2022-02-18T12:33:44.560Z", "user": 1, "content_type": 1, "object_id": "2", "object_repr": "Травяные продукты", "action_flag": 1, "change_message": "[{\"added\": {}}]"}}, {"model": "admin.logentry", "pk": 6, "fields": {"action_time": "2022-02-18T12:35:35.991Z", "user": 1, "content_type": 2, "object_id": "3", "object_repr": "Turmeric Curcumin", "action_flag": 1, "change_message": "[{\"added\": {}}]"}}, {"model": "admin.logentry", "pk": 7, "fields": {"action_time": "2022-02-21T12:15:25.607Z", "user": 1, "content_type": 11, "object_id": "1", "object_repr": "1", "action_flag": 1, "change_message": "[{\"added\": {}}]"}}, {"model": "admin.logentry", "pk": 8, "fields": {"action_time": "2022-02-21T12:15:32.949Z", "user": 1, "content_type": 11, "object_id": "2", "object_repr": "2", "action_flag": 1, "change_message": "[{\"added\": {}}]"}}, {"model": "admin.logentry", "pk": 9, "fields": {"action_time": "2022-02-21T12:15:38.961Z", "user": 1, "content_type": 11, "object_id": "3", "object_repr": "3", "action_flag": 1, "change_message": "[{\"added\": {}}]"}}, {"model": "admin.logentry", "pk": 10, "fields": {"action_time": "2022-02-21T12:15:43.840Z", "user": 1, "content_type": 11, "object_id": "4", "object_repr": "4", "action_flag": 1, "change_message": "[{\"added\": {}}]"}}, {"model": "admin.logentry", "pk": 11, "fields": {"action_time": "2022-02-21T12:15:47.851Z", "user": 1, "content_type": 11, "object_id": "5", "object_repr": "5", "action_flag": 1, "change_message": "[{\"added\": {}}]"}}, {"model": "admin.logentry", "pk": 12, "fields": {"action_time": "2022-02-25T10:20:22.559Z", "user": 1, "content_type": 10, "object_id": "22", "object_repr": "islambulut@mail.ru", "action_flag": 3, "change_message": ""}}, {"model": "admin.logentry", "pk": 13, "fields": {"action_time": "2022-02-25T10:20:22.636Z", "user": 1, "content_type": 10, "object_id": "21", "object_repr": "islambulut@mail.ru", "action_flag": 3, "change_message": ""}}, {"model": "admin.logentry", "pk": 14, "fields": {"action_time": "2022-02-25T10:20:22.647Z", "user": 1, "content_type": 10, "object_id": "20", "object_repr": "islambulut@mail.ru", "action_flag": 3, "change_message": ""}}, {"model": "admin.logentry", "pk": 15, "fields": {"action_time": "2022-02-25T10:20:22.658Z", "user": 1, "content_type": 10, "object_id": "19", "object_repr": "islambulut@mail.ru", "action_flag": 3, "change_message": ""}}, {"model": "admin.logentry", "pk": 16, "fields": {"action_time": "2022-02-25T10:20:22.669Z", "user": 1, "content_type": 10, "object_id": "18", "object_repr": "ricardo@mail.ru", "action_flag": 3, "change_message": ""}}, {"model": "admin.logentry", "pk": 17, "fields": {"action_time": "2022-02-25T10:20:22.680Z", "user": 1, "content_type": 10, "object_id": "17", "object_repr": "ricardo@mail.ru", "action_flag": 3, "change_message": ""}}, {"model": "admin.logentry", "pk": 18, "fields": {"action_time": "2022-02-25T10:20:22.691Z", "user": 1, "content_type": 10, "object_id": "16", "object_repr": "islambulut@mail.ru", "action_flag": 3, "change_message": ""}}, {"model": "admin.logentry", "pk": 19, "fields": {"action_time": "2022-02-25T10:20:22.702Z", "user": 1, "content_type": 10, "object_id": "15", "object_repr": "islambulut@mail.ru", "action_flag": 3, "change_message": ""}}, {"model": "admin.logentry", "pk": 20, "fields": {"action_time": "2022-02-25T10:20:22.713Z", "user": 1, "content_type": 10, "object_id": "14", "object_repr": "islambulut@mail.ru", "action_flag": 3, "change_message": ""}}, {"model": "admin.logentry", "pk": 21, "fields": {"action_time": "2022-02-25T10:20:22.724Z", "user": 1, "content_type": 10, "object_id": "13", "object_repr": "islambulut@mail.ru", "action_flag": 3, "change_message": ""}}, {"model": "admin.logentry", "pk": 22, "fields": {"action_time": "2022-02-25T10:20:22.736Z", "user": 1, "content_type": 10, "object_id": "12", "object_repr": "islambulut@mail.ru", "action_flag": 3, "change_message": ""}}, {"model": "admin.logentry", "pk": 23, "fields": {"action_time": "2022-02-25T10:20:22.747Z", "user": 1, "content_type": 10, "object_id": "11", "object_repr": "ricardo@mail.ru", "action_flag": 3, "change_message": ""}}, {"model": "admin.logentry", "pk": 24, "fields": {"action_time": "2022-02-25T10:20:22.758Z", "user": 1, "content_type": 10, "object_id": "10", "object_repr": "ricardo@mail.ru", "action_flag": 3, "change_message": ""}}, {"model": "admin.logentry", "pk": 25, "fields": {"action_time": "2022-02-25T10:20:22.769Z", "user": 1, "content_type": 10, "object_id": "9", "object_repr": "islam@mail.ru", "action_flag": 3, "change_message": ""}}, {"model": "admin.logentry", "pk": 26, "fields": {"action_time": "2022-02-25T10:20:22.791Z", "user": 1, "content_type": 10, "object_id": "8", "object_repr": "islam@mail.ru", "action_flag": 3, "change_message": ""}}, {"model": "admin.logentry", "pk": 27, "fields": {"action_time": "2022-02-25T10:20:22.802Z", "user": 1, "content_type": 10, "object_id": "7", "object_repr": "islambulut@mail.ru", "action_flag": 3, "change_message": ""}}, {"model": "admin.logentry", "pk": 28, "fields": {"action_time": "2022-02-25T10:20:22.813Z", "user": 1, "content_type": 10, "object_id": "6", "object_repr": "islambulut@mail.ru", "action_flag": 3, "change_message": ""}}, {"model": "admin.logentry", "pk": 29, "fields": {"action_time": "2022-02-25T10:20:22.824Z", "user": 1, "content_type": 10, "object_id": "5", "object_repr": "islambulut@mail.ru", "action_flag": 3, "change_message": ""}}, {"model": "admin.logentry", "pk": 30, "fields": {"action_time": "2022-02-25T10:20:22.835Z", "user": 1, "content_type": 10, "object_id": "4", "object_repr": "islambulut@mail.ru", "action_flag": 3, "change_message": ""}}, {"model": "admin.logentry", "pk": 31, "fields": {"action_time": "2022-02-25T10:20:41.382Z", "user": 1, "content_type": 10, "object_id": "32", "object_repr": "islambulut@mail.ru", "action_flag": 3, "change_message": ""}}, {"model": "admin.logentry", "pk": 32, "fields": {"action_time": "2022-02-25T10:20:41.411Z", "user": 1, "content_type": 10, "object_id": "31", "object_repr": "islambulut@mail.ru", "action_flag": 3, "change_message": ""}}, {"model": "admin.logentry", "pk": 33, "fields": {"action_time": "2022-02-25T10:20:41.422Z", "user": 1, "content_type": 10, "object_id": "30", "object_repr": "islambulut@mail.ru", "action_flag": 3, "change_message": ""}}, {"model": "admin.logentry", "pk": 34, "fields": {"action_time": "2022-02-25T10:20:41.432Z", "user": 1, "content_type": 10, "object_id": "29", "object_repr": "islambulut@mail.ru", "action_flag": 3, "change_message": ""}}, {"model": "admin.logentry", "pk": 35, "fields": {"action_time": "2022-02-25T10:20:41.443Z", "user": 1, "content_type": 10, "object_id": "28", "object_repr": "islambulut@mail.ru", "action_flag": 3, "change_message": ""}}, {"model": "admin.logentry", "pk": 36, "fields": {"action_time": "2022-02-25T10:20:41.454Z", "user": 1, "content_type": 10, "object_id": "27", "object_repr": "islambulut@mail.ru", "action_flag": 3, "change_message": ""}}, {"model": "admin.logentry", "pk": 37, "fields": {"action_time": "2022-02-25T10:20:41.466Z", "user": 1, "content_type": 10, "object_id": "26", "object_repr": "islambulut@mail.ru", "action_flag": 3, "change_message": ""}}, {"model": "admin.logentry", "pk": 38, "fields": {"action_time": "2022-02-25T10:20:41.477Z", "user": 1, "content_type": 10, "object_id": "25", "object_repr": "islambulut@mail.ru", "action_flag": 3, "change_message": ""}}, {"model": "admin.logentry", "pk": 39, "fields": {"action_time": "2022-02-25T10:20:41.488Z", "user": 1, "content_type": 10, "object_id": "24", "object_repr": "islambulut@mail.ru", "action_flag": 3, "change_message": ""}}, {"model": "admin.logentry", "pk": 40, "fields": {"action_time": "2022-02-25T10:20:41.499Z", "user": 1, "content_type": 10, "object_id": "23", "object_repr": "islambulut@mail.ru", "action_flag": 3, "change_message": ""}}, {"model": "admin.logentry", "pk": 41, "fields": {"action_time": "2022-02-25T11:23:35.124Z", "user": 1, "content_type": 2, "object_id": "4", "object_repr": "Horbaach Cranberry", "action_flag": 1, "change_message": "[{\"added\": {}}]"}}, {"model": "admin.logentry", "pk": 42, "fields": {"action_time": "2022-02-25T13:37:35.859Z", "user": 1, "content_type": 10, "object_id": "44", "object_repr": "islambulut@mail.ru", "action_flag": 1, "change_message": "[{\"added\": {}}]"}}, {"model": "admin.logentry", "pk": 43, "fields": {"action_time": "2022-02-25T13:37:54.076Z", "user": 1, "content_type": 10, "object_id": "45", "object_repr": "islambulut2004@mail.ru", "action_flag": 1, "change_message": "[{\"added\": {}}]"}}, {"model": "admin.logentry", "pk": 44, "fields": {"action_time": "2022-02-25T13:38:11.843Z", "user": 1, "content_type": 10, "object_id": "46", "object_repr": "ricardo@mail.ru", "action_flag": 1, "change_message": "[{\"added\": {}}]"}}, {"model": "admin.logentry", "pk": 45, "fields": {"action_time": "2022-02-25T13:38:40.281Z", "user": 1, "content_type": 10, "object_id": "47", "object_repr": "islam@mail.ru", "action_flag": 1, "change_message": "[{\"added\": {}}]"}}, {"model": "admin.logentry", "pk": 46, "fields": {"action_time": "2022-02-26T12:18:21.185Z", "user": 1, "content_type": 2, "object_id": "4", "object_repr": "Horbaach Cranberry", "action_flag": 2, "change_message": "[{\"changed\": {\"fields\": [\"Slug\", \"\\u041e\\u043f\\u0438\\u0441\\u0430\\u043d\\u0438\\u0435\", \"\\u0414\\u0435\\u0442\\u0430\\u043b\\u0438\", \"\\u0421\\u043a\\u0438\\u0434\\u043a\\u0430\"]}}, {\"changed\": {\"name\": \"\\u041e\\u0442\\u0437\\u044b\\u0432\", \"object\": \"2022-02-26 12:10:02.834820+00:00\", \"fields\": [\"\\u041f\\u043e\\u043b\\u044c\\u0437\\u043e\\u0432\\u0430\\u0442\\u0435\\u043b\\u044c\"]}}, {\"changed\": {\"name\": \"\\u041e\\u0442\\u0437\\u044b\\u0432\", \"object\": \"2022-02-26 12:10:02.805818+00:00\", \"fields\": [\"\\u041f\\u043e\\u043b\\u044c\\u0437\\u043e\\u0432\\u0430\\u0442\\u0435\\u043b\\u044c\"]}}, {\"changed\": {\"name\": \"\\u041e\\u0442\\u0437\\u044b\\u0432\", \"object\": \"2022-02-25 13:38:40.277022+00:00\", \"fields\": [\"\\u041f\\u043e\\u043b\\u044c\\u0437\\u043e\\u0432\\u0430\\u0442\\u0435\\u043b\\u044c\"]}}]"}}, {"model": "admin.logentry", "pk": 47, "fields": {"action_time": "2022-02-26T12:19:32.021Z", "user": 1, "content_type": 2, "object_id": "4", "object_repr": "Horbaach Cranberry", "action_flag": 2, "change_message": "[{\"changed\": {\"fields\": [\"\\u0414\\u0435\\u0442\\u0430\\u043b\\u0438\"]}}]"}}, {"model": "admin.logentry", "pk": 48, "fields": {"action_time": "2022-02-26T12:21:00.475Z", "user": 1, "content_type": 2, "object_id": "3", "object_repr": "Turmeric Curcumin", "action_flag": 2, "change_message": "[{\"changed\": {\"fields\": [\"Slug\", \"\\u041e\\u043f\\u0438\\u0441\\u0430\\u043d\\u0438\\u0435\", \"\\u0414\\u0435\\u0442\\u0430\\u043b\\u0438\"]}}, {\"changed\": {\"name\": \"\\u041e\\u0442\\u0437\\u044b\\u0432\", \"object\": \"2022-02-25 13:38:11.839634+00:00\", \"fields\": [\"\\u041f\\u043e\\u043b\\u044c\\u0437\\u043e\\u0432\\u0430\\u0442\\u0435\\u043b\\u044c\"]}}]"}}, {"model": "admin.logentry", "pk": 49, "fields": {"action_time": "2022-02-26T12:23:15.771Z", "user": 1, "content_type": 2, "object_id": "2", "object_repr": "Vital Vitamins", "action_flag": 2, "change_message": "[{\"changed\": {\"fields\": [\"Slug\", \"\\u041e\\u043f\\u0438\\u0441\\u0430\\u043d\\u0438\\u0435\", \"\\u0414\\u0435\\u0442\\u0430\\u043b\\u0438\"]}}, {\"changed\": {\"name\": \"\\u041e\\u0442\\u0437\\u044b\\u0432\", \"object\": \"2022-02-26 12:09:34.028573+00:00\", \"fields\": [\"\\u041f\\u043e\\u043b\\u044c\\u0437\\u043e\\u0432\\u0430\\u0442\\u0435\\u043b\\u044c\"]}}, {\"changed\": {\"name\": \"\\u041e\\u0442\\u0437\\u044b\\u0432\", \"object\": \"2022-02-26 12:09:34.017046+00:00\", \"fields\": [\"\\u041f\\u043e\\u043b\\u044c\\u0437\\u043e\\u0432\\u0430\\u0442\\u0435\\u043b\\u044c\"]}}, {\"changed\": {\"name\": \"\\u041e\\u0442\\u0437\\u044b\\u0432\", \"object\": \"2022-02-26 12:08:57.411364+00:00\", \"fields\": [\"\\u041f\\u043e\\u043b\\u044c\\u0437\\u043e\\u0432\\u0430\\u0442\\u0435\\u043b\\u044c\"]}}, {\"changed\": {\"name\": \"\\u041e\\u0442\\u0437\\u044b\\u0432\", \"object\": \"2022-02-26 12:08:57.409997+00:00\", \"fields\": [\"\\u041f\\u043e\\u043b\\u044c\\u0437\\u043e\\u0432\\u0430\\u0442\\u0435\\u043b\\u044c\"]}}, {\"changed\": {\"name\": \"\\u041e\\u0442\\u0437\\u044b\\u0432\", \"object\": \"2022-02-25 14:09:19.603212+00:00\", \"fields\": [\"\\u041f\\u043e\\u043b\\u044c\\u0437\\u043e\\u0432\\u0430\\u0442\\u0435\\u043b\\u044c\"]}}, {\"changed\": {\"name\": \"\\u041e\\u0442\\u0437\\u044b\\u0432\", \"object\": \"2022-02-25 14:09:19.602532+00:00\", \"fields\": [\"\\u041f\\u043e\\u043b\\u044c\\u0437\\u043e\\u0432\\u0430\\u0442\\u0435\\u043b\\u044c\"]}}, {\"changed\": {\"name\": \"\\u041e\\u0442\\u0437\\u044b\\u0432\", \"object\": \"2022-02-25 13:37:54.072917+00:00\", \"fields\": [\"\\u041f\\u043e\\u043b\\u044c\\u0437\\u043e\\u0432\\u0430\\u0442\\u0435\\u043b\\u044c\"]}}]"}}, {"model": "admin.logentry", "pk": 50, "fields": {"action_time": "2022-02-26T12:25:49.398Z", "user": 1, "content_type": 2, "object_id": "1", "object_repr": "cranberry pills", "action_flag": 2, "change_message": "[{\"changed\": {\"fields\": [\"Slug\", \"\\u041e\\u043f\\u0438\\u0441\\u0430\\u043d\\u0438\\u0435\", \"\\u0414\\u0435\\u0442\\u0430\\u043b\\u0438\"]}}, {\"changed\": {\"name\": \"\\u041e\\u0442\\u0437\\u044b\\u0432\", \"object\": \"2022-02-26 11:12:12.193894+00:00\", \"fields\": [\"\\u041f\\u043e\\u043b\\u044c\\u0437\\u043e\\u0432\\u0430\\u0442\\u0435\\u043b\\u044c\"]}}, {\"changed\": {\"name\": \"\\u041e\\u0442\\u0437\\u044b\\u0432\", \"object\": \"2022-02-26 11:12:12.192328+00:00\", \"fields\": [\"\\u041f\\u043e\\u043b\\u044c\\u0437\\u043e\\u0432\\u0430\\u0442\\u0435\\u043b\\u044c\"]}}, {\"changed\": {\"name\": \"\\u041e\\u0442\\u0437\\u044b\\u0432\", \"object\": \"2022-02-25 14:39:44.388227+00:00\", \"fields\": [\"\\u041f\\u043e\\u043b\\u044c\\u0437\\u043e\\u0432\\u0430\\u0442\\u0435\\u043b\\u044c\"]}}, {\"changed\": {\"name\": \"\\u041e\\u0442\\u0437\\u044b\\u0432\", \"object\": \"2022-02-25 14:39:44.381200+00:00\", \"fields\": [\"\\u041f\\u043e\\u043b\\u044c\\u0437\\u043e\\u0432\\u0430\\u0442\\u0435\\u043b\\u044c\"]}}, {\"changed\": {\"name\": \"\\u041e\\u0442\\u0437\\u044b\\u0432\", \"object\": \"2022-02-25 13:37:35.843726+00:00\", \"fields\": [\"\\u041f\\u043e\\u043b\\u044c\\u0437\\u043e\\u0432\\u0430\\u0442\\u0435\\u043b\\u044c\"]}}, {\"changed\": {\"name\": \"\\u041e\\u0442\\u0437\\u044b\\u0432\", \"object\": \"2022-02-25 12:44:03.116332+00:00\", \"fields\": [\"\\u041f\\u043e\\u043b\\u044c\\u0437\\u043e\\u0432\\u0430\\u0442\\u0435\\u043b\\u044c\"]}}, {\"changed\": {\"name\": \"\\u041e\\u0442\\u0437\\u044b\\u0432\", \"object\": \"2022-02-25 12:44:03.113952+00:00\", \"fields\": [\"\\u041f\\u043e\\u043b\\u044c\\u0437\\u043e\\u0432\\u0430\\u0442\\u0435\\u043b\\u044c\"]}}, {\"changed\": {\"name\": \"\\u041e\\u0442\\u0437\\u044b\\u0432\", \"object\": \"2022-02-25 10:57:44.674640+00:00\", \"fields\": [\"\\u041f\\u043e\\u043b\\u044c\\u0437\\u043e\\u0432\\u0430\\u0442\\u0435\\u043b\\u044c\"]}}, {\"changed\": {\"name\": \"\\u041e\\u0442\\u0437\\u044b\\u0432\", \"object\": \"2022-02-25 10:57:44.670662+00:00\", \"fields\": [\"\\u041f\\u043e\\u043b\\u044c\\u0437\\u043e\\u0432\\u0430\\u0442\\u0435\\u043b\\u044c\"]}}, {\"changed\": {\"name\": \"\\u041e\\u0442\\u0437\\u044b\\u0432\", \"object\": \"2022-02-25 10:55:40.897463+00:00\", \"fields\": [\"\\u041f\\u043e\\u043b\\u044c\\u0437\\u043e\\u0432\\u0430\\u0442\\u0435\\u043b\\u044c\"]}}, {\"changed\": {\"name\": \"\\u041e\\u0442\\u0437\\u044b\\u0432\", \"object\": \"2022-02-25 10:55:40.887239+00:00\", \"fields\": [\"\\u041f\\u043e\\u043b\\u044c\\u0437\\u043e\\u0432\\u0430\\u0442\\u0435\\u043b\\u044c\"]}}, {\"changed\": {\"name\": \"\\u041e\\u0442\\u0437\\u044b\\u0432\", \"object\": \"2022-02-25 10:32:12.661312+00:00\", \"fields\": [\"\\u041f\\u043e\\u043b\\u044c\\u0437\\u043e\\u0432\\u0430\\u0442\\u0435\\u043b\\u044c\"]}}, {\"changed\": {\"name\": \"\\u041e\\u0442\\u0437\\u044b\\u0432\", \"object\": \"2022-02-25 10:32:12.645080+00:00\", \"fields\": [\"\\u041f\\u043e\\u043b\\u044c\\u0437\\u043e\\u0432\\u0430\\u0442\\u0435\\u043b\\u044c\"]}}, {\"changed\": {\"name\": \"\\u041e\\u0442\\u0437\\u044b\\u0432\", \"object\": \"2022-02-25 10:31:45.895775+00:00\", \"fields\": [\"\\u041f\\u043e\\u043b\\u044c\\u0437\\u043e\\u0432\\u0430\\u0442\\u0435\\u043b\\u044c\"]}}, {\"changed\": {\"name\": \"\\u041e\\u0442\\u0437\\u044b\\u0432\", \"object\": \"2022-02-25 10:31:45.887404+00:00\", \"fields\": [\"\\u041f\\u043e\\u043b\\u044c\\u0437\\u043e\\u0432\\u0430\\u0442\\u0435\\u043b\\u044c\"]}}, {\"changed\": {\"name\": \"\\u041e\\u0442\\u0437\\u044b\\u0432\", \"object\": \"2022-02-25 10:28:59.895978+00:00\", \"fields\": [\"\\u041f\\u043e\\u043b\\u044c\\u0437\\u043e\\u0432\\u0430\\u0442\\u0435\\u043b\\u044c\"]}}]"}}, {"model": "admin.logentry", "pk": 51, "fields": {"action_time": "2022-02-26T12:35:46.445Z", "user": 1, "content_type": 2, "object_id": "5", "object_repr": "Фосфалюгель гель 16 г 20 шт", "action_flag": 1, "change_message": "[{\"added\": {}}]"}}, {"model": "admin.logentry", "pk": 52, "fields": {"action_time": "2022-02-26T12:38:37.196Z", "user": 1, "content_type": 2, "object_id": "6", "object_repr": "Полисорб МП порошок 50 г", "action_flag": 1, "change_message": "[{\"added\": {}}]"}}, {"model": "admin.logentry", "pk": 53, "fields": {"action_time": "2022-02-26T12:42:51.703Z", "user": 1, "content_type": 2, "object_id": "7", "object_repr": "Ангидак спрей 30 мл", "action_flag": 1, "change_message": "[{\"added\": {}}]"}}, {"model": "admin.logentry", "pk": 54, "fields": {"action_time": "2022-02-26T12:46:42.192Z", "user": 1, "content_type": 2, "object_id": "8", "object_repr": "Бифиформ капсулы 30 шт", "action_flag": 1, "change_message": "[{\"added\": {}}]"}}, {"model": "admin.logentry", "pk": 55, "fields": {"action_time": "2022-02-26T12:48:53.941Z", "user": 1, "content_type": 2, "object_id": "9", "object_repr": "Детримакс таблетки 60 шт", "action_flag": 1, "change_message": "[{\"added\": {}}]"}}, {"model": "admin.logentry", "pk": 56, "fields": {"action_time": "2022-02-26T12:49:47.183Z", "user": 1, "content_type": 2, "object_id": "6", "object_repr": "Полисорб МП порошок", "action_flag": 2, "change_message": "[{\"changed\": {\"fields\": [\"\\u041d\\u0430\\u0437\\u0432\\u0430\\u043d\\u0438\\u0435\"]}}]"}}, {"model": "admin.logentry", "pk": 57, "fields": {"action_time": "2022-02-26T12:50:05.901Z", "user": 1, "content_type": 2, "object_id": "5", "object_repr": "Фосфалюгель гель 16 г", "action_flag": 2, "change_message": "[{\"changed\": {\"fields\": [\"\\u041d\\u0430\\u0437\\u0432\\u0430\\u043d\\u0438\\u0435\"]}}]"}}, {"model": "admin.logentry", "pk": 58, "fields": {"action_time": "2022-02-26T12:54:29.663Z", "user": 1, "content_type": 2, "object_id": "10", "object_repr": "Супрадин таблетки", "action_flag": 1, "change_message": "[{\"added\": {}}]"}}, {"model": "admin.logentry", "pk": 59, "fields": {"action_time": "2022-02-26T13:21:13.392Z", "user": 1, "content_type": 2, "object_id": "5", "object_repr": "Фосфалюгель гель 16 г", "action_flag": 2, "change_message": "[{\"changed\": {\"fields\": [\"\\u041e\\u043f\\u0438\\u0441\\u0430\\u043d\\u0438\\u0435\"]}}, {\"changed\": {\"name\": \"\\u041e\\u0442\\u0437\\u044b\\u0432\", \"object\": \"2022-02-26 13:12:25.729129+00:00\", \"fields\": [\"\\u041f\\u043e\\u043b\\u044c\\u0437\\u043e\\u0432\\u0430\\u0442\\u0435\\u043b\\u044c\"]}}, {\"changed\": {\"name\": \"\\u041e\\u0442\\u0437\\u044b\\u0432\", \"object\": \"2022-02-26 13:12:25.716534+00:00\", \"fields\": [\"\\u041f\\u043e\\u043b\\u044c\\u0437\\u043e\\u0432\\u0430\\u0442\\u0435\\u043b\\u044c\"]}}]"}}, {"model": "admin.logentry", "pk": 60, "fields": {"action_time": "2022-02-28T10:53:48.351Z", "user": 1, "content_type": 10, "object_id": "44", "object_repr": "2022-02-25 13:37:35.843726+00:00", "action_flag": 3, "change_message": ""}}, {"model": "admin.logentry", "pk": 61, "fields": {"action_time": "2022-02-28T10:53:48.407Z", "user": 1, "content_type": 10, "object_id": "42", "object_repr": "2022-02-25 12:44:03.116332+00:00", "action_flag": 3, "change_message": ""}}, {"model": "admin.logentry", "pk": 62, "fields": {"action_time": "2022-02-28T10:53:48.418Z", "user": 1, "content_type": 10, "object_id": "43", "object_repr": "2022-02-25 12:44:03.113952+00:00", "action_flag": 3, "change_message": ""}}, {"model": "admin.logentry", "pk": 63, "fields": {"action_time": "2022-02-28T10:53:48.429Z", "user": 1, "content_type": 10, "object_id": "41", "object_repr": "2022-02-25 10:57:44.674640+00:00", "action_flag": 3, "change_message": ""}}, {"model": "admin.logentry", "pk": 64, "fields": {"action_time": "2022-02-28T10:53:48.440Z", "user": 1, "content_type": 10, "object_id": "40", "object_repr": "2022-02-25 10:57:44.670662+00:00", "action_flag": 3, "change_message": ""}}, {"model": "admin.logentry", "pk": 65, "fields": {"action_time": "2022-02-28T10:53:48.452Z", "user": 1, "content_type": 10, "object_id": "38", "object_repr": "2022-02-25 10:55:40.897463+00:00", "action_flag": 3, "change_message": ""}}, {"model": "admin.logentry", "pk": 66, "fields": {"action_time": "2022-02-28T10:53:48.462Z", "user": 1, "content_type": 10, "object_id": "39", "object_repr": "2022-02-25 10:55:40.887239+00:00", "action_flag": 3, "change_message": ""}}, {"model": "admin.logentry", "pk": 67, "fields": {"action_time": "2022-02-28T10:53:48.473Z", "user": 1, "content_type": 10, "object_id": "37", "object_repr": "2022-02-25 10:32:12.661312+00:00", "action_flag": 3, "change_message": ""}}, {"model": "admin.logentry", "pk": 68, "fields": {"action_time": "2022-02-28T10:53:48.484Z", "user": 1, "content_type": 10, "object_id": "36", "object_repr": "2022-02-25 10:32:12.645080+00:00", "action_flag": 3, "change_message": ""}}, {"model": "admin.logentry", "pk": 69, "fields": {"action_time": "2022-02-28T10:53:48.495Z", "user": 1, "content_type": 10, "object_id": "35", "object_repr": "2022-02-25 10:31:45.895775+00:00", "action_flag": 3, "change_message": ""}}, {"model": "admin.logentry", "pk": 70, "fields": {"action_time": "2022-02-28T10:53:48.506Z", "user": 1, "content_type": 10, "object_id": "34", "object_repr": "2022-02-25 10:31:45.887404+00:00", "action_flag": 3, "change_message": ""}}, {"model": "admin.logentry", "pk": 71, "fields": {"action_time": "2022-02-28T10:53:48.518Z", "user": 1, "content_type": 10, "object_id": "33", "object_repr": "2022-02-25 10:28:59.895978+00:00", "action_flag": 3, "change_message": ""}}, {"model": "auth.permission", "pk": 1, "fields": {"name": "Can add log entry", "content_type": 3, "codename": "add_logentry"}}, {"model": "auth.permission", "pk": 2, "fields": {"name": "Can change log entry", "content_type": 3, "codename": "change_logentry"}}, {"model": "auth.permission", "pk": 3, "fields": {"name": "Can delete log entry", "content_type": 3, "codename": "delete_logentry"}}, {"model": "auth.permission", "pk": 4, "fields": {"name": "Can view log entry", "content_type": 3, "codename": "view_logentry"}}, {"model": "auth.permission", "pk": 5, "fields": {"name": "Can add permission", "content_type": 4, "codename": "add_permission"}}, {"model": "auth.permission", "pk": 6, "fields": {"name": "Can change permission", "content_type": 4, "codename": "change_permission"}}, {"model": "auth.permission", "pk": 7, "fields": {"name": "Can delete permission", "content_type": 4, "codename": "delete_permission"}}, {"model": "auth.permission", "pk": 8, "fields": {"name": "Can view permission", "content_type": 4, "codename": "view_permission"}}, {"model": "auth.permission", "pk": 9, "fields": {"name": "Can add group", "content_type": 5, "codename": "add_group"}}, {"model": "auth.permission", "pk": 10, "fields": {"name": "Can change group", "content_type": 5, "codename": "change_group"}}, {"model": "auth.permission", "pk": 11, "fields": {"name": "Can delete group", "content_type": 5, "codename": "delete_group"}}, {"model": "auth.permission", "pk": 12, "fields": {"name": "Can view group", "content_type": 5, "codename": "view_group"}}, {"model": "auth.permission", "pk": 13, "fields": {"name": "Can add user", "content_type": 6, "codename": "add_user"}}, {"model": "auth.permission", "pk": 14, "fields": {"name": "Can change user", "content_type": 6, "codename": "change_user"}}, {"model": "auth.permission", "pk": 15, "fields": {"name": "Can delete user", "content_type": 6, "codename": "delete_user"}}, {"model": "auth.permission", "pk": 16, "fields": {"name": "Can view user", "content_type": 6, "codename": "view_user"}}, {"model": "auth.permission", "pk": 17, "fields": {"name": "Can add content type", "content_type": 7, "codename": "add_contenttype"}}, {"model": "auth.permission", "pk": 18, "fields": {"name": "Can change content type", "content_type": 7, "codename": "change_contenttype"}}, {"model": "auth.permission", "pk": 19, "fields": {"name": "Can delete content type", "content_type": 7, "codename": "delete_contenttype"}}, {"model": "auth.permission", "pk": 20, "fields": {"name": "Can view content type", "content_type": 7, "codename": "view_contenttype"}}, {"model": "auth.permission", "pk": 21, "fields": {"name": "Can add session", "content_type": 8, "codename": "add_session"}}, {"model": "auth.permission", "pk": 22, "fields": {"name": "Can change session", "content_type": 8, "codename": "change_session"}}, {"model": "auth.permission", "pk": 23, "fields": {"name": "Can delete session", "content_type": 8, "codename": "delete_session"}}, {"model": "auth.permission", "pk": 24, "fields": {"name": "Can view session", "content_type": 8, "codename": "view_session"}}, {"model": "auth.permission", "pk": 25, "fields": {"name": "Can add Категория", "content_type": 1, "codename": "add_categories"}}, {"model": "auth.permission", "pk": 26, "fields": {"name": "Can change Категория", "content_type": 1, "codename": "change_categories"}}, {"model": "auth.permission", "pk": 27, "fields": {"name": "Can delete Категория", "content_type": 1, "codename": "delete_categories"}}, {"model": "auth.permission", "pk": 28, "fields": {"name": "Can view Категория", "content_type": 1, "codename": "view_categories"}}, {"model": "auth.permission", "pk": 29, "fields": {"name": "Can add Подкатегория", "content_type": 9, "codename": "add_subcategories"}}, {"model": "auth.permission", "pk": 30, "fields": {"name": "Can change Подкатегория", "content_type": 9, "codename": "change_subcategories"}}, {"model": "auth.permission", "pk": 31, "fields": {"name": "Can delete Подкатегория", "content_type": 9, "codename": "delete_subcategories"}}, {"model": "auth.permission", "pk": 32, "fields": {"name": "Can view Подкатегория", "content_type": 9, "codename": "view_subcategories"}}, {"model": "auth.permission", "pk": 33, "fields": {"name": "Can add Товар", "content_type": 2, "codename": "add_products"}}, {"model": "auth.permission", "pk": 34, "fields": {"name": "Can change Товар", "content_type": 2, "codename": "change_products"}}, {"model": "auth.permission", "pk": 35, "fields": {"name": "Can delete Товар", "content_type": 2, "codename": "delete_products"}}, {"model": "auth.permission", "pk": 36, "fields": {"name": "Can view Товар", "content_type": 2, "codename": "view_products"}}, {"model": "auth.permission", "pk": 37, "fields": {"name": "Can add Отзыв", "content_type": 10, "codename": "add_reviews"}}, {"model": "auth.permission", "pk": 38, "fields": {"name": "Can change Отзыв", "content_type": 10, "codename": "change_reviews"}}, {"model": "auth.permission", "pk": 39, "fields": {"name": "Can delete Отзыв", "content_type": 10, "codename": "delete_reviews"}}, {"model": "auth.permission", "pk": 40, "fields": {"name": "Can view Отзыв", "content_type": 10, "codename": "view_reviews"}}, {"model": "auth.permission", "pk": 41, "fields": {"name": "Can add Звезда к рейтингу", "content_type": 11, "codename": "add_ratingstar"}}, {"model": "auth.permission", "pk": 42, "fields": {"name": "Can change Звезда к рейтингу", "content_type": 11, "codename": "change_ratingstar"}}, {"model": "auth.permission", "pk": 43, "fields": {"name": "Can delete Звезда к рейтингу", "content_type": 11, "codename": "delete_ratingstar"}}, {"model": "auth.permission", "pk": 44, "fields": {"name": "Can view Звезда к рейтингу", "content_type": 11, "codename": "view_ratingstar"}}, {"model": "auth.permission", "pk": 45, "fields": {"name": "Can add Рейтинг", "content_type": 12, "codename": "add_rating"}}, {"model": "auth.permission", "pk": 46, "fields": {"name": "Can change Рейтинг", "content_type": 12, "codename": "change_rating"}}, {"model": "auth.permission", "pk": 47, "fields": {"name": "Can delete Рейтинг", "content_type": 12, "codename": "delete_rating"}}, {"model": "auth.permission", "pk": 48, "fields": {"name": "Can view Рейтинг", "content_type": 12, "codename": "view_rating"}}, {"model": "auth.permission", "pk": 49, "fields": {"name": "Can add Заказ", "content_type": 13, "codename": "add_order"}}, {"model": "auth.permission", "pk": 50, "fields": {"name": "Can change Заказ", "content_type": 13, "codename": "change_order"}}, {"model": "auth.permission", "pk": 51, "fields": {"name": "Can delete Заказ", "content_type": 13, "codename": "delete_order"}}, {"model": "auth.permission", "pk": 52, "fields": {"name": "Can view Заказ", "content_type": 13, "codename": "view_order"}}, {"model": "auth.permission", "pk": 53, "fields": {"name": "Can add order item", "content_type": 14, "codename": "add_orderitem"}}, {"model": "auth.permission", "pk": 54, "fields": {"name": "Can change order item", "content_type": 14, "codename": "change_orderitem"}}, {"model": "auth.permission", "pk": 55, "fields": {"name": "Can delete order item", "content_type": 14, "codename": "delete_orderitem"}}, {"model": "auth.permission", "pk": 56, "fields": {"name": "Can view order item", "content_type": 14, "codename": "view_orderitem"}}, {"model": "auth.user", "pk": 1, "fields": {"password": "pbkdf2_sha256$260000$Q3wmhhqKZkvpikHCWTaigl$2hXlXUAFb4FZtsocNODSKam0Sd2b6miKAAqVPNOGA6Y=", "last_login": "2022-03-12T14:24:29.598Z", "is_superuser": true, "username": "islam", "first_name": "", "last_name": "", "email": "", "is_staff": true, "is_active": true, "date_joined": "2022-02-14T14:00:12.312Z", "groups": [], "user_permissions": []}}, {"model": "auth.user", "pk": 2, "fields": {"password": "pbkdf2_sha256$260000$JaVZPnaUhbLEJAczqVYNA8$3C4AK+G8H9CQKo+kDSWTS5KO+MRuMrEtZUaho10NqFE=", "last_login": null, "is_superuser": true, "username": "admin", "first_name": "", "last_name": "", "email": "", "is_staff": true, "is_active": true, "date_joined": "2022-02-14T14:05:42.244Z", "groups": [], "user_permissions": []}}, {"model": "auth.user", "pk": 3, "fields": {"password": "pbkdf2_sha256$260000$pOzDwVLMxA2gJFEAuIltqq$wL3pK8neZtNsxrVuKngwEjKM0+xRN7KMFuD96SWBkDs=", "last_login": "2022-02-18T08:49:13.726Z", "is_superuser": false, "username": "Islam", "first_name": "", "last_name": "", "email": "", "is_staff": false, "is_active": true, "date_joined": "2022-02-18T08:49:13.363Z", "groups": [], "user_permissions": []}}, {"model": "auth.user", "pk": 4, "fields": {"password": "pbkdf2_sha256$260000$O6jivQDiFlMfnTeEIXP3Sz$8qn4SZ37Yd3DQwwtE/wVxzjSsfu1jQ+VxzOR5oDWZJk=", "last_login": "2022-02-26T12:27:50.243Z", "is_superuser": false, "username": "Nurzhigit", "first_name": "", "last_name": "", "email": "", "is_staff": false, "is_active": true, "date_joined": "2022-02-26T12:27:49.989Z", "groups": [], "user_permissions": []}}, {"model": "auth.user", "pk": 5, "fields": {"password": "pbkdf2_sha256$260000$ttzfdy38uKEAuhKUVqzBJl$LUVaRNzv2OhNx0cGRjerQ/1Buw+ZDfM5PGJjqJrCQ8s=", "last_login": "2022-03-03T13:54:47.018Z", "is_superuser": false, "username": "Aida", "first_name": "", "last_name": "", "email": "", "is_staff": false, "is_active": true, "date_joined": "2022-02-26T13:07:23.523Z", "groups": [], "user_permissions": []}}, {"model": "auth.user", "pk": 6, "fields": {"password": "pbkdf2_sha256$260000$dbOcifi854mqGIyjY7jbzw$rU2YpCmEJ/5wECqwXtYDGmopBqgw5QYEbF3HOLKRg80=", "last_login": "2022-03-03T13:57:05.746Z", "is_superuser": false, "username": "Dastan", "first_name": "", "last_name": "", "email": "", "is_staff": false, "is_active": true, "date_joined": "2022-03-03T13:57:05.261Z", "groups": [], "user_permissions": []}}, {"model": "contenttypes.contenttype", "pk": 1, "fields": {"app_label": "shop", "model": "categories"}}, {"model": "contenttypes.contenttype", "pk": 2, "fields": {"app_label": "shop", "model": "products"}}, {"model": "contenttypes.contenttype", "pk": 3, "fields": {"app_label": "admin", "model": "logentry"}}, {"model": "contenttypes.contenttype", "pk": 4, "fields": {"app_label": "auth", "model": "permission"}}, {"model": "contenttypes.contenttype", "pk": 5, "fields": {"app_label": "auth", "model": "group"}}, {"model": "contenttypes.contenttype", "pk": 6, "fields": {"app_label": "auth", "model": "user"}}, {"model": "contenttypes.contenttype", "pk": 7, "fields": {"app_label": "contenttypes", "model": "contenttype"}}, {"model": "contenttypes.contenttype", "pk": 8, "fields": {"app_label": "sessions", "model": "session"}}, {"model": "contenttypes.contenttype", "pk": 9, "fields": {"app_label": "shop", "model": "subcategories"}}, {"model": "contenttypes.contenttype", "pk": 10, "fields": {"app_label": "shop", "model": "reviews"}}, {"model": "contenttypes.contenttype", "pk": 11, "fields": {"app_label": "shop", "model": "ratingstar"}}, {"model": "contenttypes.contenttype", "pk": 12, "fields": {"app_label": "shop", "model": "rating"}}, {"model": "contenttypes.contenttype", "pk": 13, "fields": {"app_label": "cart", "model": "order"}}, {"model": "contenttypes.contenttype", "pk": 14, "fields": {"app_label": "cart", "model": "orderitem"}}, {"model": "sessions.session", "pk": "0f9qwb2bze4sg3o0xqvhsfblj14s0eeu", "fields": {"session_data": ".eJxVjMsOwiAQRf-FtSFA5VGX7vsNZJgZpGogKe3K-O_apAvd3nPOfYkI21ri1nmJM4mL0OL0uyXAB9cd0B3qrUlsdV3mJHdFHrTLqRE_r4f7d1Cgl29tLAOM1gdQ3nGw2WX2CgJpr1EPLsGQyQEgj6jPpBC1d9nagdA4BUa8P_JTOFc:1nNYfo:NYMDMrtjtUUpXxS6U8CuQVZPFIgGeichlNCiyaKpG44", "expire_date": "2022-03-11T11:22:08.109Z"}}, {"model": "sessions.session", "pk": "0sxd4e74trou2oa25xy9stbzxmljk04f", "fields": {"session_data": ".eJxVjMsOwiAQRf-FtSFA5VGX7vsNZJgZpGogKe3K-O_apAvd3nPOfYkI21ri1nmJM4mL0OL0uyXAB9cd0B3qrUlsdV3mJHdFHrTLqRE_r4f7d1Cgl29tLAOM1gdQ3nGw2WX2CgJpr1EPLsGQyQEgj6jPpBC1d9nagdA4BUa8P_JTOFc:1nJbvb:ssntU7oZVnnWr31Wr9wJvAfKbNdkrgdXweT0Ez3X9b0", "expire_date": "2022-02-28T14:02:07.505Z"}}, {"model": "sessions.session", "pk": "1c5bx82stxqkp9rweeudzh3supothq98", "fields": {"session_data": "e30:1nKywz:eFCfFtuc0CFKYxuQoTArcY8DctyEJt6bi48vBUj7-FE", "expire_date": "2022-03-04T08:49:13.696Z"}}, {"model": "sessions.session", "pk": "3v1a2f4p3vxzp7n2wsyk165xje0erskj", "fields": {"session_data": "e30:1nKytH:vJzMglxhw-IFbODmf_PzDixAuOJQADWicMlyUjOMCU4", "expire_date": "2022-03-04T08:45:23.099Z"}}, {"model": "sessions.session", "pk": "7w4i5jh34qkz9piinu5s50f4cu2wwnid", "fields": {"session_data": ".eJxVjMsOwiAQRf-FtSFA5VGX7vsNZJgZpGogKe3K-O_apAvd3nPOfYkI21ri1nmJM4mL0OL0uyXAB9cd0B3qrUlsdV3mJHdFHrTLqRE_r4f7d1Cgl29tLAOM1gdQ3nGw2WX2CgJpr1EPLsGQyQEgj6jPpBC1d9nagdA4BUa8P_JTOFc:1nL2Rn:JZD4xaScJwTch7-dXnQQrvLtJoq-aUiYwFUP_lxZ28o", "expire_date": "2022-03-04T12:33:15.752Z"}}, {"model": "sessions.session", "pk": "8zzacs780sp3vh5tab2b8vlujvfp37uj", "fields": {"session_data": "e30:1nKyuL:2QIJS0dzYZ4a-tor0yPc0hsHEbU04FNFALHD2oJAgd0", "expire_date": "2022-03-04T08:46:29.835Z"}}, {"model": "sessions.session", "pk": "99ahwtj76kq4ibsk3kd5fvo4tl9mjll5", "fields": {"session_data": ".eJxVjMsOwiAQRf-FtSFA5VGX7vsNZJgZpGogKe3K-O_apAvd3nPOfYkI21ri1nmJM4mL0OL0uyXAB9cd0B3qrUlsdV3mJHdFHrTLqRE_r4f7d1Cgl29tLAOM1gdQ3nGw2WX2CgJpr1EPLsGQyQEgj6jPpBC1d9nagdA4BUa8P_JTOFc:1nMUSR:-FcEgPWwHqLQmXE1QI4sSresbe2S_5D7p0vvJZgBpNo", "expire_date": "2022-03-08T12:39:55.650Z"}}, {"model": "sessions.session", "pk": "c3drrty7zg8z5rg8m2vtiydue0pe4g4x", "fields": {"session_data": ".eJxVjMsOwiAQRf-FtSFA5VGX7vsNZJgZpGogKe3K-O_apAvd3nPOfYkI21ri1nmJM4mL0OL0uyXAB9cd0B3qrUlsdV3mJHdFHrTLqRE_r4f7d1Cgl29tLAOM1gdQ3nGw2WX2CgJpr1EPLsGQyQEgj6jPpBC1d9nagdA4BUa8P_JTOFc:1nJyWX:HgNRcuqoJjuxNLIQDiZG5SU3Biy2CXTEQleB_DZFSnQ", "expire_date": "2022-03-01T14:09:45.456Z"}}, {"model": "sessions.session", "pk": "cavjlaof0hnfggec1l9txt7z1vphezfd", "fields": {"session_data": ".eJxVjMsOwiAQRf-FtSFA5VGX7vsNZJgZpGogKe3K-O_apAvd3nPOfYkI21ri1nmJM4mL0OL0uyXAB9cd0B3qrUlsdV3mJHdFHrTLqRE_r4f7d1Cgl29tLAOM1gdQ3nGw2WX2CgJpr1EPLsGQyQEgj6jPpBC1d9nagdA4BUa8P_JTOFc:1nM7Uw:EW-KCsnSsgdpD5aw6kU9nIXnzO58cbiQFemkEPLDvho", "expire_date": "2022-03-07T12:08:58.272Z"}}, {"model": "sessions.session", "pk": "fb53ufyvunq3cm4b9b1380g25lrvlrd3", "fields": {"session_data": ".eJxVjMsOwiAQRf-FtSFA5VGX7vsNZJgZpGogKe3K-O_apAvd3nPOfYkI21ri1nmJM4mL0OL0uyXAB9cd0B3qrUlsdV3mJHdFHrTLqRE_r4f7d1Cgl29tLAOM1gdQ3nGw2WX2CgJpr1EPLsGQyQEgj6jPpBC1d9nagdA4BUa8P_JTOFc:1nL3ey:ySfiqtpgH7P1gOmGZfyGIn4XhJhrPwvzs-41U8KC-Xg", "expire_date": "2022-03-04T13:50:56.284Z"}}, {"model": "sessions.session", "pk": "go2pd84ttp8wvq3r1io10gq1vuox1s1o", "fields": {"session_data": ".eJxVjMsOwiAQRf-FtSFA5VGX7vsNZJgZpGogKe3K-O_apAvd3nPOfYkI21ri1nmJM4mL0OL0uyXAB9cd0B3qrUlsdV3mJHdFHrTLqRE_r4f7d1Cgl29tLAOM1gdQ3nGw2WX2CgJpr1EPLsGQyQEgj6jPpBC1d9nagdA4BUa8P_JTOFc:1nL2Qu:0_5W735w31J0EwWgxbS7dJLITixCizQPVGzxURQ4Dmk", "expire_date": "2022-03-04T12:32:20.280Z"}}, {"model": "sessions.session", "pk": "kgeg5eb6d1dv3kqq769znj1j48jvw1p0", "fields": {"session_data": "e30:1nKz4g:Gg42B2pF3UVWvAeM5C9Ly5gj3gDohaB6i_1Tu0POUGM", "expire_date": "2022-03-04T08:57:10.124Z"}}, {"model": "sessions.session", "pk": "lp67btm6aqruntc2m5v79ttkuqi8rkii", "fields": {"session_data": ".eJxVjDEOgzAQBP9yNbJswDZQps8b0HE-ByeRSYwpIsTfAxINzRY7s7sCYcrQrdAe8V0w5pB_0OkCPikQQwe2roWEbSugxyWP_TJz6oPbiYJLNyC9OB7APTE-JkFTzCkM4lDESWdxnxy_b6d7ORhxHvd1qRmx1bZBaQ032hvPVmLjlFWkKjNg5Z1BJG5J1U4SKWu81pWj0kgsYfsD-fNFgg:1nTgP4:0w5DGeMuExEQy85G1CdaZ_j29H2Y0dGoDX-vo76TPSQ", "expire_date": "2027-04-17T08:50:10.048Z"}}, {"model": "sessions.session", "pk": "yrb07nalvfm2tg9edyezmhrj9l8y7735", "fields": {"session_data": ".eJxVjMsOwiAQRf-FtSFA5VGX7vsNZJgZpGogKe3K-O_apAvd3nPOfYkI21ri1nmJM4mL0OL0uyXAB9cd0B3qrUlsdV3mJHdFHrTLqRE_r4f7d1Cgl29tLAOM1gdQ3nGw2WX2CgJpr1EPLsGQyQEgj6jPpBC1d9nagdA4BUa8P_JTOFc:1nKz5j:xoGtpzgSsxoduP5-eVEU0xIdnaIn8HzHd4w20qu4DeQ", "expire_date": "2022-03-04T08:58:15.979Z"}}, {"model": "sessions.session", "pk": "zevia6bfr83v6o59zi5vxohcc078lhjs", "fields": {"session_data": ".eJxVjMsOwiAQRf-FtSFA5VGX7vsNZJgZpGogKe3K-O_apAvd3nPOfYkI21ri1nmJM4mL0OL0uyXAB9cd0B3qrUlsdV3mJHdFHrTLqRE_r4f7d1Cgl29tLAOM1gdQ3nGw2WX2CgJpr1EPLsGQyQEgj6jPpBC1d9nagdA4BUa8P_JTOFc:1nNDNW:BuWsrRVYzAfUVp9qTtg21G-sFp1bFDzzfmOUsiWSyAA", "expire_date": "2022-03-10T12:37:50.224Z"}}, {"model": "shop.categories", "pk": 1, "fields": {"title": "Витамины", "slug": "vitaminy"}}, {"model": "shop.categories", "pk": 2, "fields": {"title": "Травяные продукты", "slug": "travyanye-produkty"}}, {"model": "shop.products", "pk": 1, "fields": {"title": "cranberry pills", "slug": "cranberry-pills", "quantity": 4, "image": "products/pharm_nbJBaqk.jpeg", "description": "<h3>Описание</h3>\r\n\r\n<p>Терафлю МАКС со вкусом лимона от гриппа и простуды - максимальная сила Терафлю **. Применяется для устранения симптомов простудных заболеваний и гриппа, таких как повышенная температура, головная боль, озноб, боль в суставах и мышцах, ощущение заложенности носа, боли в пазухах носа и в горле *. * Инструкция медицинского применения , РУ ЛСР-006670/09 ** Максимальное содержание парацетамола (1000 мг) в линейке продуктов Терафлю</p>", "detail": "<h3>Характеристики</h3>\r\n\r\n<table>\r\n\t<tbody>\r\n\t\t<tr>\r\n\t\t\t<td>Способ применения</td>\r\n\t\t\t<td>Перорально</td>\r\n\t\t</tr>\r\n\t\t<tr>\r\n\t\t\t<td>Количество в упаковке</td>\r\n\t\t\t<td>8 шт</td>\r\n\t\t</tr>\r\n\t\t<tr>\r\n\t\t\t<td>Минимальная допустимая температура хранения, &deg;С</td>\r\n\t\t\t<td>15 &deg;C</td>\r\n\t\t</tr>\r\n\t\t<tr>\r\n\t\t\t<td>Максимальная допустимая температура хранения, &deg;С</td>\r\n\t\t\t<td>25 &deg;C</td>\r\n\t\t</tr>\r\n\t\t<tr>\r\n\t\t\t<td>Срок годности</td>\r\n\t\t\t<td>36 мес</td>\r\n\t\t</tr>\r\n\t\t<tr>\r\n\t\t\t<td>Условия хранения</td>\r\n\t\t\t<td>Беречь от детей<br />\r\n\t\t\tПри комнатной температуре</td>\r\n\t\t</tr>\r\n\t\t<tr>\r\n\t\t\t<td>Форма выпуска</td>\r\n\t\t\t<td>Порошок</td>\r\n\t\t</tr>\r\n\t\t<tr>\r\n\t\t\t<td>Вес</td>\r\n\t\t\t<td>5 г</td>\r\n\t\t</tr>\r\n\t\t<tr>\r\n\t\t\t<td>Фармакологическая группа</td>\r\n\t\t\t<td>Парацетамол, комбинации без психолептиков</td>\r\n\t\t</tr>\r\n\t\t<tr>\r\n\t\t\t<td>Зарегистрировано как</td>\r\n\t\t\t<td>Лекарственное средство</td>\r\n\t\t</tr>\r\n\t</tbody>\r\n</table>\r\n\r\n<p>Инструкция по применению</p>\r\n\r\n<p><a name=\"common\"></a></p>\r\n\r\n<h3>Описание</h3>\r\n\r\n<p>Терафлю МАКС со вкусом лимона от гриппа и простуды - максимальная сила Терафлю **. Применяется для устранения симптомов простудных заболеваний и гриппа, таких как повышенная температура, головная боль, озноб, боль в суставах и мышцах, ощущение заложенности носа, боли в пазухах носа и в горле *. * Инструкция медицинского применения , РУ ЛСР-006670/09 ** Максимальное содержание парацетамола (1000 мг) в линейке продуктов Терафлю</p>\r\n\r\n<h3>Действующие вещества</h3>\r\n\r\n<p><a href=\"https://gorzdrav.org/mnn/askorbinovaja-kislota/\">Аскорбиновая кислота</a>&nbsp;,&nbsp;<a href=\"https://gorzdrav.org/mnn/paracetamol--feniramina-maleat--fenilefrina-gidrokhlorid--askorbinovaja-kislota/\">Парацетамол + Фенирамина малеат + Фенилэфрина гидрохлорид + Аскорбиновая кислота</a></p>\r\n\r\n<h3>Форма выпуска</h3>\r\n\r\n<p>Порошок</p>\r\n\r\n<h3>Состав</h3>\r\n\r\n<p>1 пакетик содержит: действующие вещества: Парацетамол 1000,0 мг Аскорбиновая кислота 100,0 мг Фенилэфрина гидрохлорид 12,2 мг вспомогательные вещества: сахароза 1936 мг, натрия цитрат 501 мг, лимонная кислота 812 мг, ацесульфам калия 65 мг, аспартам 25 мг, краситель хинолиновый желтый 1 мг, ароматизатор лимонный 875928 30 мг, ароматизатор лимонный 87А069 240 мг, ароматизатор лимонный 875060 240 мг, ароматизатор лимонный 501.476 АР0504 40 мг.</p>\r\n\r\n<p><a name=\"effect\"></a></p>\r\n\r\n<h3>Фармакологический эффект</h3>\r\n\r\n<p>ТераФлю Макс с лимонным вкусом является комбинированным лекарственным средством, действие которого обусловлено входящими в его состав компонентами, оказывает жаропонижающее, анальгезирующее и сосудосуживающее действие, устраняет симптомы простуды. Парацетамол оказывает обезболивающее и жаропонижающее действие. За счет угнетения циклооксигеназы арахидоновой кислоты предотвращает образование простагландинов в центральной нервной системе (ЦНС). Фенилэфрин уменьшает отек слизистых оболочек пазух носа, вследствие чего облегчается дыхание. Аскорбиновая кислота восполняет повышенную потребность в витамине С при простуде и гриппе.</p>\r\n\r\n<h3>Показания</h3>\r\n\r\n<p>ТераФлю Макс применяется для устранения симптомов простудных заболеваний и гриппа, таких как повышенная температура, головная боль, озноб, боль в суставах и мышцах, ощущение заложенности носа, боли в пазухах носа и горле.</p>\r\n\r\n<p><a name=\"contraindications\"></a></p>\r\n\r\n<h3>Противопоказания</h3>\r\n\r\n<p>Гиперчувствительность, выраженная почечная или печеночная недостаточность, гипертиреоз, заболевания сердечно-сосудистой системы (выраженный аортальный стеноз, острый инфаркт миокарда, тахиаритмия), артериальная гипертензия, гиперплазия предстательной железы, закрытоугольная глаукома, одновременный прием трициклических антидепрессантов, бета-адреноблокаторов, ингибиторов моноаминоксидазы (МАО) (в т.ч. в течение 14 дней после их отмены), других парацетамолсодержащих препаратов, сахарный диабет и наследственные нарушения всасывания глюкозы, детский возраст (до 18 лет), заболевания системы крови.</p>\r\n\r\n<h3>Меры предосторожности</h3>\r\n\r\n<p>С осторожностью при доброкачественных гипербилирубинемиях, дефиците глюкозо-6-фосфатдегидрогеназы.</p>\r\n\r\n<h3>Применение при беременности и кормлении грудью</h3>\r\n\r\n<p>Препарат может применяться в период беременности, если потенциальная польза для матери превышает возможный риск для плода. Не следует применять в период грудного вскармливания.</p>\r\n\r\n<h3>Способ применения и дозы</h3>\r\n\r\n<p>Внутрь, по 1 пакетику каждые 4-6 часов (не более 4 пакетиков в сутки). Содержимое пакетика растворяют в 250 мл горячей воды до полного растворения. Препарат не рекомендуется применять более пяти дней без консультации с врачом. Если симптомы сохраняются, обратитесь к врачу. Не превышайте указанную дозу. В случае передозировки немедленно обратитесь за медицинской помощью.</p>\r\n\r\n<h3>Побочные действия</h3>\r\n\r\n<p>В рекомендованных дозах препарат обычно хорошо переносится. Парацетамол редко оказывает побочное действие. Иногда возможны аллергические реакции, например, кожная сыпь, крапивница, ангионевротический отек. Редко - тромбоцитопения, лейкопения, агранулоцитоз. При длительном применении с превышением рекомендованной дозы может наблюдаться гепатотоксическое и нефротоксическое действие. Фенилэфрин может вызывать тошноту, головную боль, незначительное повышение артериального давления и в редких случаях сердцебиение, которые проходят после отмены препарата. В случае появления любых нежелательных реакций обратитесь к врачу.</p>\r\n\r\n<h3>Передозировка</h3>\r\n\r\n<p>Симптомы: тошнота, рвота, анорексия, боли в желудке, потливость, бледность кожных покровов, сердечные аритмии, повышение активности печеночных трансаминаз, увеличение протромбинового времени, гепатонекроз и коматозное состояние. Лечение: промывание желудка в течение первых 4-х часов отравления, прием активированного угля, симптоматическая терапия. Специфический антидот - ацетилцистеин. При передозировке следует немедленно обратиться к врачу.</p>\r\n\r\n<h3>Взаимодействие с другими препаратами</h3>\r\n\r\n<p>Стимуляторы микросомального окисления в печени (фенитоин, этанол, барбитураты, рифампицин, фенилбутазон, трициклические антидепрессанты) увеличивают продукцию гидроксилированных активных метаболитов парацетамола, что обусловливает возможность развития тяжелых интоксикаций при небольших передозировках. Парацетамол усиливает эффекты ингибиторов моноаминоксидазы, седативных препаратов, этанола. При одновременном приеме с антидепрессантами, противопаркинсоническими, антипсихотическими лекарственными средствами, производными фенотиазина - увеличивается риск задержки мочи, сухости во рту, запора. Фенилэфрин снижает гипотензивный эффект гуанетидина. Гуанетидин усиливает альфа-адреностимулирующий эффект, а трициклические антидепрессанты - симпатомиметические эффекты фенилэфрина. Глюкокортикостероиды увеличивают риск развития глаукомы. Парацетамол снижает эффективность диуретических препаратов. Метоклопрамид, домперидон повышают скорость всасывания парацетамола, а колестирамин снижает. Витамин С повышает всасывание пенициллина, железа, уменьшает действие гепарина и непрямых антикоагулянтов, увеличивает риск кристаллурии при лечении салицилатами. Всасывание витамина С уменьшается при одновременном применении с оральными контрацептивами. Витамин С замедляет выведение почками кислот, уменьшает реабсорбцию препаратов, имеющих щелочную реакцию (в т.ч. алкалоидов). Витамин С в комбинации с дефероксамином увеличивает токсическое действие железа на ткани (особенно на сердце, вызывая развитие сердечной недостаточности), назначение препаратов, содержащих аскорбиновую кислоту проводится после определения концентрации дефероксамина и определения экскреции железа, не ранее чем через 2 часа после инфузии дефероксамина.</p>\r\n\r\n<p><a name=\"cautions\"></a></p>\r\n\r\n<h3>Особые указания</h3>\r\n\r\n<p>Искажает результаты лабораторных тестов, оценивающих концентрацию глюкозы и мочевой кислоты в плазме. Не следует одновременно применять с другими лекарственными средствами, содержащими парацетамол, а также с ненаркотическими анальгетиками, нестероидными противовоспалительными препаратами (метамизол, ацетилсалициловая кислота, ибупрофен и т.п.). барбитуратами, противоэпилептическими препаратами, рифампицином, хлорамфениколом. Одно саше содержит 1,936 г сахарозы, что соответствует 0,2 хлебным единицам.</p>\r\n\r\n<h3>Условия хранения</h3>\r\n\r\n<p>При температуре не выше 25 &deg;С, в недоступном для детей месте.</p>", "price": "5000.00", "discount": 0, "category": 1, "status": true, "created": "2022-02-14T14:01:46.823Z"}}, {"model": "shop.products", "pk": 2, "fields": {"title": "Vital Vitamins", "slug": "vital-vitamins", "quantity": 3, "image": "products/vitamin.jpeg", "description": "<h3>Описание</h3>\r\n\r\n<p>Терафлю МАКС со вкусом лимона от гриппа и простуды - максимальная сила Терафлю **. Применяется для устранения симптомов простудных заболеваний и гриппа, таких как повышенная температура, головная боль, озноб, боль в суставах и мышцах, ощущение заложенности носа, боли в пазухах носа и в горле *. * Инструкция медицинского применения , РУ ЛСР-006670/09 ** Максимальное содержание парацетамола (1000 мг) в линейке продуктов Терафлю</p>", "detail": "<h3>Характеристики</h3>\r\n\r\n<table>\r\n\t<tbody>\r\n\t\t<tr>\r\n\t\t\t<td>Способ применения</td>\r\n\t\t\t<td>Перорально</td>\r\n\t\t</tr>\r\n\t\t<tr>\r\n\t\t\t<td>Количество в упаковке</td>\r\n\t\t\t<td>8 шт</td>\r\n\t\t</tr>\r\n\t\t<tr>\r\n\t\t\t<td>Минимальная допустимая температура хранения, &deg;С</td>\r\n\t\t\t<td>15 &deg;C</td>\r\n\t\t</tr>\r\n\t\t<tr>\r\n\t\t\t<td>Максимальная допустимая температура хранения, &deg;С</td>\r\n\t\t\t<td>25 &deg;C</td>\r\n\t\t</tr>\r\n\t\t<tr>\r\n\t\t\t<td>Срок годности</td>\r\n\t\t\t<td>36 мес</td>\r\n\t\t</tr>\r\n\t\t<tr>\r\n\t\t\t<td>Условия хранения</td>\r\n\t\t\t<td>Беречь от детей<br />\r\n\t\t\tПри комнатной температуре</td>\r\n\t\t</tr>\r\n\t\t<tr>\r\n\t\t\t<td>Форма выпуска</td>\r\n\t\t\t<td>Порошок</td>\r\n\t\t</tr>\r\n\t\t<tr>\r\n\t\t\t<td>Вес</td>\r\n\t\t\t<td>5 г</td>\r\n\t\t</tr>\r\n\t\t<tr>\r\n\t\t\t<td>Фармакологическая группа</td>\r\n\t\t\t<td>Парацетамол, комбинации без психолептиков</td>\r\n\t\t</tr>\r\n\t\t<tr>\r\n\t\t\t<td>Зарегистрировано как</td>\r\n\t\t\t<td>Лекарственное средство</td>\r\n\t\t</tr>\r\n\t</tbody>\r\n</table>\r\n\r\n<p>Инструкция по применению</p>\r\n\r\n<p><a name=\"common\"></a></p>\r\n\r\n<h3>Описание</h3>\r\n\r\n<p>Терафлю МАКС со вкусом лимона от гриппа и простуды - максимальная сила Терафлю **. Применяется для устранения симптомов простудных заболеваний и гриппа, таких как повышенная температура, головная боль, озноб, боль в суставах и мышцах, ощущение заложенности носа, боли в пазухах носа и в горле *. * Инструкция медицинского применения , РУ ЛСР-006670/09 ** Максимальное содержание парацетамола (1000 мг) в линейке продуктов Терафлю</p>\r\n\r\n<h3>Действующие вещества</h3>\r\n\r\n<p><a href=\"https://gorzdrav.org/mnn/askorbinovaja-kislota/\">Аскорбиновая кислота</a>&nbsp;,&nbsp;<a href=\"https://gorzdrav.org/mnn/paracetamol--feniramina-maleat--fenilefrina-gidrokhlorid--askorbinovaja-kislota/\">Парацетамол + Фенирамина малеат + Фенилэфрина гидрохлорид + Аскорбиновая кислота</a></p>\r\n\r\n<h3>Форма выпуска</h3>\r\n\r\n<p>Порошок</p>\r\n\r\n<h3>Состав</h3>\r\n\r\n<p>1 пакетик содержит: действующие вещества: Парацетамол 1000,0 мг Аскорбиновая кислота 100,0 мг Фенилэфрина гидрохлорид 12,2 мг вспомогательные вещества: сахароза 1936 мг, натрия цитрат 501 мг, лимонная кислота 812 мг, ацесульфам калия 65 мг, аспартам 25 мг, краситель хинолиновый желтый 1 мг, ароматизатор лимонный 875928 30 мг, ароматизатор лимонный 87А069 240 мг, ароматизатор лимонный 875060 240 мг, ароматизатор лимонный 501.476 АР0504 40 мг.</p>\r\n\r\n<p><a name=\"effect\"></a></p>\r\n\r\n<h3>Фармакологический эффект</h3>\r\n\r\n<p>ТераФлю Макс с лимонным вкусом является комбинированным лекарственным средством, действие которого обусловлено входящими в его состав компонентами, оказывает жаропонижающее, анальгезирующее и сосудосуживающее действие, устраняет симптомы простуды. Парацетамол оказывает обезболивающее и жаропонижающее действие. За счет угнетения циклооксигеназы арахидоновой кислоты предотвращает образование простагландинов в центральной нервной системе (ЦНС). Фенилэфрин уменьшает отек слизистых оболочек пазух носа, вследствие чего облегчается дыхание. Аскорбиновая кислота восполняет повышенную потребность в витамине С при простуде и гриппе.</p>\r\n\r\n<h3>Показания</h3>\r\n\r\n<p>ТераФлю Макс применяется для устранения симптомов простудных заболеваний и гриппа, таких как повышенная температура, головная боль, озноб, боль в суставах и мышцах, ощущение заложенности носа, боли в пазухах носа и горле.</p>\r\n\r\n<p><a name=\"contraindications\"></a></p>\r\n\r\n<h3>Противопоказания</h3>\r\n\r\n<p>Гиперчувствительность, выраженная почечная или печеночная недостаточность, гипертиреоз, заболевания сердечно-сосудистой системы (выраженный аортальный стеноз, острый инфаркт миокарда, тахиаритмия), артериальная гипертензия, гиперплазия предстательной железы, закрытоугольная глаукома, одновременный прием трициклических антидепрессантов, бета-адреноблокаторов, ингибиторов моноаминоксидазы (МАО) (в т.ч. в течение 14 дней после их отмены), других парацетамолсодержащих препаратов, сахарный диабет и наследственные нарушения всасывания глюкозы, детский возраст (до 18 лет), заболевания системы крови.</p>\r\n\r\n<h3>Меры предосторожности</h3>\r\n\r\n<p>С осторожностью при доброкачественных гипербилирубинемиях, дефиците глюкозо-6-фосфатдегидрогеназы.</p>\r\n\r\n<h3>Применение при беременности и кормлении грудью</h3>\r\n\r\n<p>Препарат может применяться в период беременности, если потенциальная польза для матери превышает возможный риск для плода. Не следует применять в период грудного вскармливания.</p>\r\n\r\n<h3>Способ применения и дозы</h3>\r\n\r\n<p>Внутрь, по 1 пакетику каждые 4-6 часов (не более 4 пакетиков в сутки). Содержимое пакетика растворяют в 250 мл горячей воды до полного растворения. Препарат не рекомендуется применять более пяти дней без консультации с врачом. Если симптомы сохраняются, обратитесь к врачу. Не превышайте указанную дозу. В случае передозировки немедленно обратитесь за медицинской помощью.</p>\r\n\r\n<h3>Побочные действия</h3>\r\n\r\n<p>В рекомендованных дозах препарат обычно хорошо переносится. Парацетамол редко оказывает побочное действие. Иногда возможны аллергические реакции, например, кожная сыпь, крапивница, ангионевротический отек. Редко - тромбоцитопения, лейкопения, агранулоцитоз. При длительном применении с превышением рекомендованной дозы может наблюдаться гепатотоксическое и нефротоксическое действие. Фенилэфрин может вызывать тошноту, головную боль, незначительное повышение артериального давления и в редких случаях сердцебиение, которые проходят после отмены препарата. В случае появления любых нежелательных реакций обратитесь к врачу.</p>\r\n\r\n<h3>Передозировка</h3>\r\n\r\n<p>Симптомы: тошнота, рвота, анорексия, боли в желудке, потливость, бледность кожных покровов, сердечные аритмии, повышение активности печеночных трансаминаз, увеличение протромбинового времени, гепатонекроз и коматозное состояние. Лечение: промывание желудка в течение первых 4-х часов отравления, прием активированного угля, симптоматическая терапия. Специфический антидот - ацетилцистеин. При передозировке следует немедленно обратиться к врачу.</p>\r\n\r\n<h3>Взаимодействие с другими препаратами</h3>\r\n\r\n<p>Стимуляторы микросомального окисления в печени (фенитоин, этанол, барбитураты, рифампицин, фенилбутазон, трициклические антидепрессанты) увеличивают продукцию гидроксилированных активных метаболитов парацетамола, что обусловливает возможность развития тяжелых интоксикаций при небольших передозировках. Парацетамол усиливает эффекты ингибиторов моноаминоксидазы, седативных препаратов, этанола. При одновременном приеме с антидепрессантами, противопаркинсоническими, антипсихотическими лекарственными средствами, производными фенотиазина - увеличивается риск задержки мочи, сухости во рту, запора. Фенилэфрин снижает гипотензивный эффект гуанетидина. Гуанетидин усиливает альфа-адреностимулирующий эффект, а трициклические антидепрессанты - симпатомиметические эффекты фенилэфрина. Глюкокортикостероиды увеличивают риск развития глаукомы. Парацетамол снижает эффективность диуретических препаратов. Метоклопрамид, домперидон повышают скорость всасывания парацетамола, а колестирамин снижает. Витамин С повышает всасывание пенициллина, железа, уменьшает действие гепарина и непрямых антикоагулянтов, увеличивает риск кристаллурии при лечении салицилатами. Всасывание витамина С уменьшается при одновременном применении с оральными контрацептивами. Витамин С замедляет выведение почками кислот, уменьшает реабсорбцию препаратов, имеющих щелочную реакцию (в т.ч. алкалоидов). Витамин С в комбинации с дефероксамином увеличивает токсическое действие железа на ткани (особенно на сердце, вызывая развитие сердечной недостаточности), назначение препаратов, содержащих аскорбиновую кислоту проводится после определения концентрации дефероксамина и определения экскреции железа, не ранее чем через 2 часа после инфузии дефероксамина.</p>\r\n\r\n<p><a name=\"cautions\"></a></p>\r\n\r\n<h3>Особые указания</h3>\r\n\r\n<p>Искажает результаты лабораторных тестов, оценивающих концентрацию глюкозы и мочевой кислоты в плазме. Не следует одновременно применять с другими лекарственными средствами, содержащими парацетамол, а также с ненаркотическими анальгетиками, нестероидными противовоспалительными препаратами (метамизол, ацетилсалициловая кислота, ибупрофен и т.п.). барбитуратами, противоэпилептическими препаратами, рифампицином, хлорамфениколом. Одно саше содержит 1,936 г сахарозы, что соответствует 0,2 хлебным единицам.</p>\r\n\r\n<h3>Условия хранения</h3>\r\n\r\n<p>При температуре не выше 25 &deg;С, в недоступном для детей месте.</p>", "price": "500.00", "discount": 0, "category": 1, "status": true, "created": "2022-02-16T11:09:18.377Z"}}, {"model": "shop.products", "pk": 3, "fields": {"title": "Turmeric Curcumin", "slug": "turmeric-curcumin", "quantity": 1, "image": "products/lozange.jpeg", "description": "<h3>Описание</h3>\r\n\r\n<p>Терафлю МАКС со вкусом лимона от гриппа и простуды - максимальная сила Терафлю **. Применяется для устранения симптомов простудных заболеваний и гриппа, таких как повышенная температура, головная боль, озноб, боль в суставах и мышцах, ощущение заложенности носа, боли в пазухах носа и в горле *. * Инструкция медицинского применения , РУ ЛСР-006670/09 ** Максимальное содержание парацетамола (1000 мг) в линейке продуктов Терафлю</p>", "detail": "<h3>Характеристики</h3>\r\n\r\n<table>\r\n\t<tbody>\r\n\t\t<tr>\r\n\t\t\t<td>Способ применения</td>\r\n\t\t\t<td>Перорально</td>\r\n\t\t</tr>\r\n\t\t<tr>\r\n\t\t\t<td>Количество в упаковке</td>\r\n\t\t\t<td>8 шт</td>\r\n\t\t</tr>\r\n\t\t<tr>\r\n\t\t\t<td>Минимальная допустимая температура хранения, &deg;С</td>\r\n\t\t\t<td>15 &deg;C</td>\r\n\t\t</tr>\r\n\t\t<tr>\r\n\t\t\t<td>Максимальная допустимая температура хранения, &deg;С</td>\r\n\t\t\t<td>25 &deg;C</td>\r\n\t\t</tr>\r\n\t\t<tr>\r\n\t\t\t<td>Срок годности</td>\r\n\t\t\t<td>36 мес</td>\r\n\t\t</tr>\r\n\t\t<tr>\r\n\t\t\t<td>Условия хранения</td>\r\n\t\t\t<td>Беречь от детей<br />\r\n\t\t\tПри комнатной температуре</td>\r\n\t\t</tr>\r\n\t\t<tr>\r\n\t\t\t<td>Форма выпуска</td>\r\n\t\t\t<td>Порошок</td>\r\n\t\t</tr>\r\n\t\t<tr>\r\n\t\t\t<td>Вес</td>\r\n\t\t\t<td>5 г</td>\r\n\t\t</tr>\r\n\t\t<tr>\r\n\t\t\t<td>Фармакологическая группа</td>\r\n\t\t\t<td>Парацетамол, комбинации без психолептиков</td>\r\n\t\t</tr>\r\n\t\t<tr>\r\n\t\t\t<td>Зарегистрировано как</td>\r\n\t\t\t<td>Лекарственное средство</td>\r\n\t\t</tr>\r\n\t</tbody>\r\n</table>\r\n\r\n<p>Инструкция по применению</p>\r\n\r\n<p><a name=\"common\"></a></p>\r\n\r\n<h3>Описание</h3>\r\n\r\n<p>Терафлю МАКС со вкусом лимона от гриппа и простуды - максимальная сила Терафлю **. Применяется для устранения симптомов простудных заболеваний и гриппа, таких как повышенная температура, головная боль, озноб, боль в суставах и мышцах, ощущение заложенности носа, боли в пазухах носа и в горле *. * Инструкция медицинского применения , РУ ЛСР-006670/09 ** Максимальное содержание парацетамола (1000 мг) в линейке продуктов Терафлю</p>\r\n\r\n<h3>Действующие вещества</h3>\r\n\r\n<p><a href=\"https://gorzdrav.org/mnn/askorbinovaja-kislota/\">Аскорбиновая кислота</a>&nbsp;,&nbsp;<a href=\"https://gorzdrav.org/mnn/paracetamol--feniramina-maleat--fenilefrina-gidrokhlorid--askorbinovaja-kislota/\">Парацетамол + Фенирамина малеат + Фенилэфрина гидрохлорид + Аскорбиновая кислота</a></p>\r\n\r\n<h3>Форма выпуска</h3>\r\n\r\n<p>Порошок</p>\r\n\r\n<h3>Состав</h3>\r\n\r\n<p>1 пакетик содержит: действующие вещества: Парацетамол 1000,0 мг Аскорбиновая кислота 100,0 мг Фенилэфрина гидрохлорид 12,2 мг вспомогательные вещества: сахароза 1936 мг, натрия цитрат 501 мг, лимонная кислота 812 мг, ацесульфам калия 65 мг, аспартам 25 мг, краситель хинолиновый желтый 1 мг, ароматизатор лимонный 875928 30 мг, ароматизатор лимонный 87А069 240 мг, ароматизатор лимонный 875060 240 мг, ароматизатор лимонный 501.476 АР0504 40 мг.</p>\r\n\r\n<p><a name=\"effect\"></a></p>\r\n\r\n<h3>Фармакологический эффект</h3>\r\n\r\n<p>ТераФлю Макс с лимонным вкусом является комбинированным лекарственным средством, действие которого обусловлено входящими в его состав компонентами, оказывает жаропонижающее, анальгезирующее и сосудосуживающее действие, устраняет симптомы простуды. Парацетамол оказывает обезболивающее и жаропонижающее действие. За счет угнетения циклооксигеназы арахидоновой кислоты предотвращает образование простагландинов в центральной нервной системе (ЦНС). Фенилэфрин уменьшает отек слизистых оболочек пазух носа, вследствие чего облегчается дыхание. Аскорбиновая кислота восполняет повышенную потребность в витамине С при простуде и гриппе.</p>\r\n\r\n<h3>Показания</h3>\r\n\r\n<p>ТераФлю Макс применяется для устранения симптомов простудных заболеваний и гриппа, таких как повышенная температура, головная боль, озноб, боль в суставах и мышцах, ощущение заложенности носа, боли в пазухах носа и горле.</p>\r\n\r\n<p><a name=\"contraindications\"></a></p>\r\n\r\n<h3>Противопоказания</h3>\r\n\r\n<p>Гиперчувствительность, выраженная почечная или печеночная недостаточность, гипертиреоз, заболевания сердечно-сосудистой системы (выраженный аортальный стеноз, острый инфаркт миокарда, тахиаритмия), артериальная гипертензия, гиперплазия предстательной железы, закрытоугольная глаукома, одновременный прием трициклических антидепрессантов, бета-адреноблокаторов, ингибиторов моноаминоксидазы (МАО) (в т.ч. в течение 14 дней после их отмены), других парацетамолсодержащих препаратов, сахарный диабет и наследственные нарушения всасывания глюкозы, детский возраст (до 18 лет), заболевания системы крови.</p>\r\n\r\n<h3>Меры предосторожности</h3>\r\n\r\n<p>С осторожностью при доброкачественных гипербилирубинемиях, дефиците глюкозо-6-фосфатдегидрогеназы.</p>\r\n\r\n<h3>Применение при беременности и кормлении грудью</h3>\r\n\r\n<p>Препарат может применяться в период беременности, если потенциальная польза для матери превышает возможный риск для плода. Не следует применять в период грудного вскармливания.</p>\r\n\r\n<h3>Способ применения и дозы</h3>\r\n\r\n<p>Внутрь, по 1 пакетику каждые 4-6 часов (не более 4 пакетиков в сутки). Содержимое пакетика растворяют в 250 мл горячей воды до полного растворения. Препарат не рекомендуется применять более пяти дней без консультации с врачом. Если симптомы сохраняются, обратитесь к врачу. Не превышайте указанную дозу. В случае передозировки немедленно обратитесь за медицинской помощью.</p>\r\n\r\n<h3>Побочные действия</h3>\r\n\r\n<p>В рекомендованных дозах препарат обычно хорошо переносится. Парацетамол редко оказывает побочное действие. Иногда возможны аллергические реакции, например, кожная сыпь, крапивница, ангионевротический отек. Редко - тромбоцитопения, лейкопения, агранулоцитоз. При длительном применении с превышением рекомендованной дозы может наблюдаться гепатотоксическое и нефротоксическое действие. Фенилэфрин может вызывать тошноту, головную боль, незначительное повышение артериального давления и в редких случаях сердцебиение, которые проходят после отмены препарата. В случае появления любых нежелательных реакций обратитесь к врачу.</p>\r\n\r\n<h3>Передозировка</h3>\r\n\r\n<p>Симптомы: тошнота, рвота, анорексия, боли в желудке, потливость, бледность кожных покровов, сердечные аритмии, повышение активности печеночных трансаминаз, увеличение протромбинового времени, гепатонекроз и коматозное состояние. Лечение: промывание желудка в течение первых 4-х часов отравления, прием активированного угля, симптоматическая терапия. Специфический антидот - ацетилцистеин. При передозировке следует немедленно обратиться к врачу.</p>\r\n\r\n<h3>Взаимодействие с другими препаратами</h3>\r\n\r\n<p>Стимуляторы микросомального окисления в печени (фенитоин, этанол, барбитураты, рифампицин, фенилбутазон, трициклические антидепрессанты) увеличивают продукцию гидроксилированных активных метаболитов парацетамола, что обусловливает возможность развития тяжелых интоксикаций при небольших передозировках. Парацетамол усиливает эффекты ингибиторов моноаминоксидазы, седативных препаратов, этанола. При одновременном приеме с антидепрессантами, противопаркинсоническими, антипсихотическими лекарственными средствами, производными фенотиазина - увеличивается риск задержки мочи, сухости во рту, запора. Фенилэфрин снижает гипотензивный эффект гуанетидина. Гуанетидин усиливает альфа-адреностимулирующий эффект, а трициклические антидепрессанты - симпатомиметические эффекты фенилэфрина. Глюкокортикостероиды увеличивают риск развития глаукомы. Парацетамол снижает эффективность диуретических препаратов. Метоклопрамид, домперидон повышают скорость всасывания парацетамола, а колестирамин снижает. Витамин С повышает всасывание пенициллина, железа, уменьшает действие гепарина и непрямых антикоагулянтов, увеличивает риск кристаллурии при лечении салицилатами. Всасывание витамина С уменьшается при одновременном применении с оральными контрацептивами. Витамин С замедляет выведение почками кислот, уменьшает реабсорбцию препаратов, имеющих щелочную реакцию (в т.ч. алкалоидов). Витамин С в комбинации с дефероксамином увеличивает токсическое действие железа на ткани (особенно на сердце, вызывая развитие сердечной недостаточности), назначение препаратов, содержащих аскорбиновую кислоту проводится после определения концентрации дефероксамина и определения экскреции железа, не ранее чем через 2 часа после инфузии дефероксамина.</p>\r\n\r\n<p><a name=\"cautions\"></a></p>\r\n\r\n<h3>Особые указания</h3>\r\n\r\n<p>Искажает результаты лабораторных тестов, оценивающих концентрацию глюкозы и мочевой кислоты в плазме. Не следует одновременно применять с другими лекарственными средствами, содержащими парацетамол, а также с ненаркотическими анальгетиками, нестероидными противовоспалительными препаратами (метамизол, ацетилсалициловая кислота, ибупрофен и т.п.). барбитуратами, противоэпилептическими препаратами, рифампицином, хлорамфениколом. Одно саше содержит 1,936 г сахарозы, что соответствует 0,2 хлебным единицам.</p>\r\n\r\n<h3>Условия хранения</h3>\r\n\r\n<p>При температуре не выше 25 &deg;С, в недоступном для детей месте.</p>", "price": "8500.00", "discount": 0, "category": 2, "status": true, "created": "2022-02-18T12:35:35.946Z"}}, {"model": "shop.products", "pk": 4, "fields": {"title": "Horbaach Cranberry", "slug": "horbaach-cranberry", "quantity": 1, "image": "products/cranbery.jpeg", "description": "<h3>Описание</h3>\r\n\r\n<p>Терафлю МАКС со вкусом лимона от гриппа и простуды - максимальная сила Терафлю **. Применяется для устранения симптомов простудных заболеваний и гриппа, таких как повышенная температура, головная боль, озноб, боль в суставах и мышцах, ощущение заложенности носа, боли в пазухах носа и в горле *. * Инструкция медицинского применения , РУ ЛСР-006670/09 ** Максимальное содержание парацетамола (1000 мг) в линейке продуктов Терафлю</p>", "detail": "<h3>Характеристики</h3>\r\n\r\n<table>\r\n\t<tbody>\r\n\t\t<tr>\r\n\t\t\t<td>Способ применения</td>\r\n\t\t\t<td>Перорально</td>\r\n\t\t</tr>\r\n\t\t<tr>\r\n\t\t\t<td>Количество в упаковке</td>\r\n\t\t\t<td>8 шт</td>\r\n\t\t</tr>\r\n\t\t<tr>\r\n\t\t\t<td>Минимальная допустимая температура хранения, &deg;С</td>\r\n\t\t\t<td>15 &deg;C</td>\r\n\t\t</tr>\r\n\t\t<tr>\r\n\t\t\t<td>Максимальная допустимая температура хранения, &deg;С</td>\r\n\t\t\t<td>25 &deg;C</td>\r\n\t\t</tr>\r\n\t\t<tr>\r\n\t\t\t<td>Срок годности</td>\r\n\t\t\t<td>36 мес</td>\r\n\t\t</tr>\r\n\t\t<tr>\r\n\t\t\t<td>Условия хранения</td>\r\n\t\t\t<td>Беречь от детей<br />\r\n\t\t\tПри комнатной температуре</td>\r\n\t\t</tr>\r\n\t\t<tr>\r\n\t\t\t<td>Форма выпуска</td>\r\n\t\t\t<td>Порошок</td>\r\n\t\t</tr>\r\n\t\t<tr>\r\n\t\t\t<td>Вес</td>\r\n\t\t\t<td>5 г</td>\r\n\t\t</tr>\r\n\t\t<tr>\r\n\t\t\t<td>Фармакологическая группа</td>\r\n\t\t\t<td>Парацетамол, комбинации без психолептиков</td>\r\n\t\t</tr>\r\n\t\t<tr>\r\n\t\t\t<td>Зарегистрировано как</td>\r\n\t\t\t<td>Лекарственное средство</td>\r\n\t\t</tr>\r\n\t</tbody>\r\n</table>\r\n\r\n<p>Инструкция по применению</p>\r\n\r\n<p><a name=\"common\"></a></p>\r\n\r\n<h3>Описание</h3>\r\n\r\n<p>Терафлю МАКС со вкусом лимона от гриппа и простуды - максимальная сила Терафлю **. Применяется для устранения симптомов простудных заболеваний и гриппа, таких как повышенная температура, головная боль, озноб, боль в суставах и мышцах, ощущение заложенности носа, боли в пазухах носа и в горле *. * Инструкция медицинского применения , РУ ЛСР-006670/09 ** Максимальное содержание парацетамола (1000 мг) в линейке продуктов Терафлю</p>\r\n\r\n<h3>Действующие вещества</h3>\r\n\r\n<p><a href=\"https://gorzdrav.org/mnn/askorbinovaja-kislota/\">Аскорбиновая кислота</a>&nbsp;,&nbsp;<a href=\"https://gorzdrav.org/mnn/paracetamol--feniramina-maleat--fenilefrina-gidrokhlorid--askorbinovaja-kislota/\">Парацетамол + Фенирамина малеат + Фенилэфрина гидрохлорид + Аскорбиновая кислота</a></p>\r\n\r\n<h3>Форма выпуска</h3>\r\n\r\n<p>Порошок</p>\r\n\r\n<h3>Состав</h3>\r\n\r\n<p>1 пакетик содержит: действующие вещества: Парацетамол 1000,0 мг Аскорбиновая кислота 100,0 мг Фенилэфрина гидрохлорид 12,2 мг вспомогательные вещества: сахароза 1936 мг, натрия цитрат 501 мг, лимонная кислота 812 мг, ацесульфам калия 65 мг, аспартам 25 мг, краситель хинолиновый желтый 1 мг, ароматизатор лимонный 875928 30 мг, ароматизатор лимонный 87А069 240 мг, ароматизатор лимонный 875060 240 мг, ароматизатор лимонный 501.476 АР0504 40 мг.</p>\r\n\r\n<p><a name=\"effect\"></a></p>\r\n\r\n<h3>Фармакологический эффект</h3>\r\n\r\n<p>ТераФлю Макс с лимонным вкусом является комбинированным лекарственным средством, действие которого обусловлено входящими в его состав компонентами, оказывает жаропонижающее, анальгезирующее и сосудосуживающее действие, устраняет симптомы простуды. Парацетамол оказывает обезболивающее и жаропонижающее действие. За счет угнетения циклооксигеназы арахидоновой кислоты предотвращает образование простагландинов в центральной нервной системе (ЦНС). Фенилэфрин уменьшает отек слизистых оболочек пазух носа, вследствие чего облегчается дыхание. Аскорбиновая кислота восполняет повышенную потребность в витамине С при простуде и гриппе.</p>\r\n\r\n<h3>Показания</h3>\r\n\r\n<p>ТераФлю Макс применяется для устранения симптомов простудных заболеваний и гриппа, таких как повышенная температура, головная боль, озноб, боль в суставах и мышцах, ощущение заложенности носа, боли в пазухах носа и горле.</p>\r\n\r\n<p><a name=\"contraindications\"></a></p>\r\n\r\n<h3>Противопоказания</h3>\r\n\r\n<p>Гиперчувствительность, выраженная почечная или печеночная недостаточность, гипертиреоз, заболевания сердечно-сосудистой системы (выраженный аортальный стеноз, острый инфаркт миокарда, тахиаритмия), артериальная гипертензия, гиперплазия предстательной железы, закрытоугольная глаукома, одновременный прием трициклических антидепрессантов, бета-адреноблокаторов, ингибиторов моноаминоксидазы (МАО) (в т.ч. в течение 14 дней после их отмены), других парацетамолсодержащих препаратов, сахарный диабет и наследственные нарушения всасывания глюкозы, детский возраст (до 18 лет), заболевания системы крови.</p>\r\n\r\n<h3>Меры предосторожности</h3>\r\n\r\n<p>С осторожностью при доброкачественных гипербилирубинемиях, дефиците глюкозо-6-фосфатдегидрогеназы.</p>\r\n\r\n<h3>Применение при беременности и кормлении грудью</h3>\r\n\r\n<p>Препарат может применяться в период беременности, если потенциальная польза для матери превышает возможный риск для плода. Не следует применять в период грудного вскармливания.</p>\r\n\r\n<h3>Способ применения и дозы</h3>\r\n\r\n<p>Внутрь, по 1 пакетику каждые 4-6 часов (не более 4 пакетиков в сутки). Содержимое пакетика растворяют в 250 мл горячей воды до полного растворения. Препарат не рекомендуется применять более пяти дней без консультации с врачом. Если симптомы сохраняются, обратитесь к врачу. Не превышайте указанную дозу. В случае передозировки немедленно обратитесь за медицинской помощью.</p>\r\n\r\n<h3>Побочные действия</h3>\r\n\r\n<p>В рекомендованных дозах препарат обычно хорошо переносится. Парацетамол редко оказывает побочное действие. Иногда возможны аллергические реакции, например, кожная сыпь, крапивница, ангионевротический отек. Редко - тромбоцитопения, лейкопения, агранулоцитоз. При длительном применении с превышением рекомендованной дозы может наблюдаться гепатотоксическое и нефротоксическое действие. Фенилэфрин может вызывать тошноту, головную боль, незначительное повышение артериального давления и в редких случаях сердцебиение, которые проходят после отмены препарата. В случае появления любых нежелательных реакций обратитесь к врачу.</p>\r\n\r\n<h3>Передозировка</h3>\r\n\r\n<p>Симптомы: тошнота, рвота, анорексия, боли в желудке, потливость, бледность кожных покровов, сердечные аритмии, повышение активности печеночных трансаминаз, увеличение протромбинового времени, гепатонекроз и коматозное состояние. Лечение: промывание желудка в течение первых 4-х часов отравления, прием активированного угля, симптоматическая терапия. Специфический антидот - ацетилцистеин. При передозировке следует немедленно обратиться к врачу.</p>\r\n\r\n<h3>Взаимодействие с другими препаратами</h3>\r\n\r\n<p>Стимуляторы микросомального окисления в печени (фенитоин, этанол, барбитураты, рифампицин, фенилбутазон, трициклические антидепрессанты) увеличивают продукцию гидроксилированных активных метаболитов парацетамола, что обусловливает возможность развития тяжелых интоксикаций при небольших передозировках. Парацетамол усиливает эффекты ингибиторов моноаминоксидазы, седативных препаратов, этанола. При одновременном приеме с антидепрессантами, противопаркинсоническими, антипсихотическими лекарственными средствами, производными фенотиазина - увеличивается риск задержки мочи, сухости во рту, запора. Фенилэфрин снижает гипотензивный эффект гуанетидина. Гуанетидин усиливает альфа-адреностимулирующий эффект, а трициклические антидепрессанты - симпатомиметические эффекты фенилэфрина. Глюкокортикостероиды увеличивают риск развития глаукомы. Парацетамол снижает эффективность диуретических препаратов. Метоклопрамид, домперидон повышают скорость всасывания парацетамола, а колестирамин снижает. Витамин С повышает всасывание пенициллина, железа, уменьшает действие гепарина и непрямых антикоагулянтов, увеличивает риск кристаллурии при лечении салицилатами. Всасывание витамина С уменьшается при одновременном применении с оральными контрацептивами. Витамин С замедляет выведение почками кислот, уменьшает реабсорбцию препаратов, имеющих щелочную реакцию (в т.ч. алкалоидов). Витамин С в комбинации с дефероксамином увеличивает токсическое действие железа на ткани (особенно на сердце, вызывая развитие сердечной недостаточности), назначение препаратов, содержащих аскорбиновую кислоту проводится после определения концентрации дефероксамина и определения экскреции железа, не ранее чем через 2 часа после инфузии дефероксамина.</p>\r\n\r\n<p><a name=\"cautions\"></a></p>\r\n\r\n<h3>Особые указания</h3>\r\n\r\n<p>Искажает результаты лабораторных тестов, оценивающих концентрацию глюкозы и мочевой кислоты в плазме. Не следует одновременно применять с другими лекарственными средствами, содержащими парацетамол, а также с ненаркотическими анальгетиками, нестероидными противовоспалительными препаратами (метамизол, ацетилсалициловая кислота, ибупрофен и т.п.). барбитуратами, противоэпилептическими препаратами, рифампицином, хлорамфениколом. Одно саше содержит 1,936 г сахарозы, что соответствует 0,2 хлебным единицам.</p>\r\n\r\n<h3>Условия хранения</h3>\r\n\r\n<p>При температуре не выше 25 &deg;С, в недоступном для детей месте.</p>", "price": "5070.00", "discount": 10, "category": 2, "status": true, "created": "2022-02-25T11:23:35.058Z"}}, {"model": "shop.products", "pk": 5, "fields": {"title": "Фосфалюгель гель 16 г", "slug": "fosfalyugel-gel-16-g-20-sht", "quantity": 1, "image": "products/фосфа.jpeg", "description": "<h3>Описание</h3>\r\n\r\n<p>Антацидный препарат. Оказывает кислотонейтрализующее, обволакивающее, адсорбирующее действие. Снижает протеолитическую активность пепсина. Не вызывает още<span style=\"background-color:#27ae60\">лачивание желудочного сока, сохраняя кислотность желудочного содержимого на физиологическом уровне. Не приводит к вторичной гиперсекреции соляной кислоты. Образует защитный слой на слизистой оболочке ЖКТ. Способствует удалению токсинов, газов и микроорганизмов на всем протяжении пищеварительного тракта, нормализует пассаж содержимого по кишечнику.</span></p>", "detail": "<p>Характеристики</p>\r\n\r\n<table>\r\n\t<tbody>\r\n\t\t<tr>\r\n\t\t\t<td>Минимальный возраст от.</td>\r\n\t\t\t<td>1 лет</td>\r\n\t\t</tr>\r\n\t\t<tr>\r\n\t\t\t<td>Способ применения</td>\r\n\t\t\t<td>Перорально</td>\r\n\t\t</tr>\r\n\t\t<tr>\r\n\t\t\t<td>Количество в упаковке</td>\r\n\t\t\t<td>20 шт</td>\r\n\t\t</tr>\r\n\t\t<tr>\r\n\t\t\t<td>Минимальная допустимая температура хранения, &deg;С</td>\r\n\t\t\t<td>15 &deg;C</td>\r\n\t\t</tr>\r\n\t\t<tr>\r\n\t\t\t<td>Максимальная допустимая температура хранения, &deg;С</td>\r\n\t\t\t<td>20 &deg;C</td>\r\n\t\t</tr>\r\n\t\t<tr>\r\n\t\t\t<td>Срок годности</td>\r\n\t\t\t<td>36 мес</td>\r\n\t\t</tr>\r\n\t\t<tr>\r\n\t\t\t<td>Форма выпуска</td>\r\n\t\t\t<td>Гель</td>\r\n\t\t</tr>\r\n\t\t<tr>\r\n\t\t\t<td>Вес</td>\r\n\t\t\t<td>16 г</td>\r\n\t\t</tr>\r\n\t\t<tr>\r\n\t\t\t<td>Порядок отпуска</td>\r\n\t\t\t<td>Без рецепта</td>\r\n\t\t</tr>\r\n\t\t<tr>\r\n\t\t\t<td>Действующее вещество</td>\r\n\t\t\t<td>Алюминия фосфат (Aluminium phosphate)Сорбитол (Sorbitol)Пектин (Pectin)</td>\r\n\t\t</tr>\r\n\t\t<tr>\r\n\t\t\t<td>Сфера применения</td>\r\n\t\t\t<td>Гастроэнтерология</td>\r\n\t\t</tr>\r\n\t\t<tr>\r\n\t\t\t<td>Зарегистрировано как</td>\r\n\t\t\t<td>Лекарственное средство</td>\r\n\t\t</tr>\r\n\t</tbody>\r\n</table>\r\n\r\n<p>Инструкция по применению</p>\r\n\r\n<h3>Действующие вещества</h3>\r\n\r\n<p><a href=\"https://gorzdrav.org/mnn/aljuminija-fosfat/\">Алюминия фосфат</a></p>\r\n\r\n<h3>Форма выпуска</h3>\r\n\r\n<p>Суспензия</p>\r\n\r\n<h3>Состав</h3>\r\n\r\n<p>Фосфалюгель - гель для приема внутрь (пакетики по 16 г): 1 пак. содержит алюминия фосфат 10,4 г, сорбитол 70% 4,48 г, агар-агар 0,0448 г, пектин 0,0872 г, кальция сульфат 0,0117 г, калия сорбат 0,0402 г, ароматизатор апельсиновый 0,08 г, вода очищенная до 16 г</p>\r\n\r\n<p><a name=\"effect\"></a></p>\r\n\r\n<h3>Фармакологический эффект</h3>\r\n\r\n<p>Антацидный препарат. Оказывает кислотонейтрализующее, обволакивающее, адсорбирующее действие. Снижает протеолитическую активность пепсина. Не вызывает ощелачивание желудочного сока, сохраняя кислотность желудочного содержимого на физиологическом уровне. Не приводит к вторичной гиперсекреции соляной кислоты. Образует защитный слой на слизистой оболочке ЖКТ. Способствует удалению токсинов, газов и микроорганизмов на всем протяжении пищеварительного тракта, нормализует пассаж содержимого по кишечнику.</p>\r\n\r\n<h3>Фармакокинетика</h3>\r\n\r\n<p>Данные о фармакокинетике препарата Фосфалюгель не предоставлены.</p>\r\n\r\n<h3>Показания</h3>\r\n\r\n<p>Для взрослых: язвенная болезнь желудка и двенадцатиперстной кишки. гастрит с нормальной или повышенной секреторной функцией. диафрагмальная грыжа. рефлюкс-эзофагит. индром неязвенной диспепсии. Функциональная диарея. желудочные и кишечные расстройства, вызванные интоксикацией, приемом лекарственных препаратов, раздражающих веществ (кислоты, щелочи), алкоголя. Для детей: эзофагит. гастроэзофагеальный рефлюкс. гастрит. язвенная болезнь желудка и двенадцатиперстной кишки.</p>\r\n\r\n<p><a name=\"contraindications\"></a></p>\r\n\r\n<h3>Противопоказания</h3>\r\n\r\n<p>Повышенная чувствительность к Фосфалюгелю. выраженные нарушения функции почек.</p>\r\n\r\n<h3>Меры предосторожности</h3>\r\n\r\n<p>Со стороны пищеварительной системы: редко - запоры (в основном у пациентов пожилого возраста и лежачих больных).</p>\r\n\r\n<h3>Применение при беременности и кормлении грудью</h3>\r\n\r\n<p>Возможно применение препарата при беременности и в период лактации по показаниям в терапевтических дозах.</p>\r\n\r\n<h3>Способ применения и дозы</h3>\r\n\r\n<p>Фосфалюгель принимаютВнутрь, можно в чистом виде или перед приемом развести в половине стакана воды. Взрослым и детям старше 6 лет - по 1-2 пак. 2-3 раза в сутки; при гастроэзофагеальном рефлюксе, диафрагмальной грыже - сразу после еды и на ночь; при язвенной болезни желудка и двенадцатиперстной кишки - через 1-2 ч после еды и немедленно при возникновении болей; при гастрите и диспепсии - до еды; при функциональных заболеваниях толстой кишки - утром натощак и на ночь. Прием препарата повторяют, если боли возникают в промежутках между приемами. Детям: до 6 мес - по 4 г (1/4 пак. или 1 ч.ложка) после каждого из 6 кормлений; после 6 мес - по 8 г (по 1/2 пак. или 2 ч.ложки) после каждого из 4 кормлений.</p>\r\n\r\n<h3>Побочные действия</h3>\r\n\r\n<p>Запор (редко, в основном у людей пожилого возраста и лежачих больных).</p>\r\n\r\n<h3>Передозировка</h3>\r\n\r\n<p>Симптомы: запор, т.к. большие количества ионов алюминия подавляют перистальтику кишечника. Лечение: применение слабительных препаратов.</p>\r\n\r\n<h3>Взаимодействие с другими препаратами</h3>\r\n\r\n<p>Фосфалюгель может снижать эффективность некоторых одновременно применяемых препаратов.</p>\r\n\r\n<p><a name=\"cautions\"></a></p>\r\n\r\n<h3>Особые указания</h3>\r\n\r\n<p>Не следует длительно принимать препарат без назначения врача. С осторожностью следует применять препарат при заболеваниях почек, циррозе печени, выраженной сердечной недостаточности. У пациентов с нарушением функции почек и больных пожилого возраста при применении Фосфалюгеля в рекомендованных дозах возможно увеличение концентрации алюминия в сыворотке крови. Антибиотики тетрациклиновой группы, препараты железа, сердечные гликозиды следует принимать не ранее чем через 2 ч после приема Фосфалюгеля. При возникновении запоров на фоне приема Фосфалюгеля рекомендуется увеличивать количество ежедневно употребляемой воды. Препарат можно применять профилактически для уменьшения абсорбции радиоактивных элементов. Препарат не содержит сахара, поэтому может быть использован у больных с сахарным диабетом. Применение Фосфалюгеля не отражается на результатах рентгенологического исследования. Влияние на способность к вождению автотранспорта и управлению механизмами: Не влияет.</p>", "price": "530.00", "discount": 15, "category": 2, "status": true, "created": "2022-02-26T12:35:46.398Z"}}, {"model": "shop.products", "pk": 6, "fields": {"title": "Полисорб МП порошок", "slug": "polisorb-mp-poroshok-50-g", "quantity": 1, "image": "products/поспа.jpeg", "description": "<h3>Описание</h3>\r\n\r\n<p>Полисорб&nbsp; - мощный сорбент нового поколения, основное действующее вещество которого диоксид кремния коллоидный.&nbsp; Препарат эффективен при лечении диареи, отравлений, аллергии, токсикоза, похмельного синдрома и при комплексном очищении организма.</p>", "detail": "<p>Характеристики</p>\r\n\r\n<table>\r\n\t<tbody>\r\n\t\t<tr>\r\n\t\t\t<td>Минимальный возраст от.</td>\r\n\t\t\t<td>2 лет</td>\r\n\t\t</tr>\r\n\t\t<tr>\r\n\t\t\t<td>Количество в упаковке</td>\r\n\t\t\t<td>1 шт</td>\r\n\t\t</tr>\r\n\t\t<tr>\r\n\t\t\t<td>Максимальная допустимая температура хранения, &deg;С</td>\r\n\t\t\t<td>25 &deg;C</td>\r\n\t\t</tr>\r\n\t\t<tr>\r\n\t\t\t<td>Срок годности</td>\r\n\t\t\t<td>60 мес</td>\r\n\t\t</tr>\r\n\t\t<tr>\r\n\t\t\t<td>Условия хранения</td>\r\n\t\t\t<td>В сухом месте</td>\r\n\t\t</tr>\r\n\t\t<tr>\r\n\t\t\t<td>Форма выпуска</td>\r\n\t\t\t<td>Порошок</td>\r\n\t\t</tr>\r\n\t\t<tr>\r\n\t\t\t<td>Вес</td>\r\n\t\t\t<td>50 г</td>\r\n\t\t</tr>\r\n\t\t<tr>\r\n\t\t\t<td>Страна-изготовитель</td>\r\n\t\t\t<td>Россия</td>\r\n\t\t</tr>\r\n\t\t<tr>\r\n\t\t\t<td>Порядок отпуска</td>\r\n\t\t\t<td>Без рецепта</td>\r\n\t\t</tr>\r\n\t\t<tr>\r\n\t\t\t<td>Действующее вещество</td>\r\n\t\t\t<td>Смектит диоктаэдрический (Smectite dioctaedric)</td>\r\n\t\t</tr>\r\n\t\t<tr>\r\n\t\t\t<td>Сфера применения</td>\r\n\t\t\t<td>Противомикробные</td>\r\n\t\t</tr>\r\n\t\t<tr>\r\n\t\t\t<td>Фармакологическая группа</td>\r\n\t\t\t<td>A07BC Прочие кишечные адсорбенты</td>\r\n\t\t</tr>\r\n\t\t<tr>\r\n\t\t\t<td>Зарегистрировано как</td>\r\n\t\t\t<td>Лекарственное средство</td>\r\n\t\t</tr>\r\n\t</tbody>\r\n</table>\r\n\r\n<p>Инструкция по применению</p>\r\n\r\n<p><a name=\"common\"></a></p>\r\n\r\n<h3>Описание</h3>\r\n\r\n<p>Полисорб&nbsp; - мощный сорбент нового поколения, основное действующее вещество которого диоксид кремния коллоидный.&nbsp; Препарат эффективен при лечении диареи, отравлений, аллергии, токсикоза, похмельного синдрома и при комплексном очищении организма.</p>\r\n\r\n<p>&nbsp;</p>\r\n\r\n<p><strong>ПРЕИМУЩЕСТВА ПРЕПАРАТА ПОЛИСОРБ</strong><strong>:</strong></p>\r\n\r\n<p>&nbsp;</p>\r\n\r\n<ul>\r\n\t<li>Благодаря обволакивающим свойствам борется с патогенами любых размеров: крупными аллергенами, средними&nbsp; бактериями и мелкими токсинами;</li>\r\n\t<li>Облегчает самочувствие уже через 1-4 минуты после приема;</li>\r\n\t<li>Сохраняет лечебное действие после перепада температур: не портится в жару, не &ldquo;боится&rdquo; мороза&nbsp; багажного отделения самолета (преимущество порошка перед влажными средствами);</li>\r\n\t<li>Не содержит добавок: консервантов, красителей, ароматизаторов и подсластителей. Это повышает не только лечебный эффект, но и устраняет риск развития аллергической реакции на примеси;</li>\r\n\t<li>Назначается детям с рождения, беременным и кормящим женщинам, пожилым и взрослым людям;</li>\r\n\t<li>Допустимо разведение препарата не только в воде, но и в соке, компоте, морсе и грудном молоке.</li>\r\n\t<li>Имеет высокий профиль безопасности - более 200 клинических исследований и более 20 лет применения.&nbsp;</li>\r\n</ul>\r\n\r\n<h3>Действующие вещества</h3>\r\n\r\n<p><a href=\"https://gorzdrav.org/mnn/kremnija-dioksid-kolloidnyj/\">Кремния диоксид коллоидный</a></p>\r\n\r\n<h3>Форма выпуска</h3>\r\n\r\n<p>Порошок</p>\r\n\r\n<h3>Состав</h3>\r\n\r\n<p>Полисорб; МП - неорганический неселективный полифункциональный энтеросорбент на основе высокодисперсного кремнезема с размерами частиц до 0.09 мм и с химической формулой SiO2. Полисорб; МП обладает выраженными сорбционными и детоксикационными свойствами. В просвете ЖКТ препарат связывает и выводит из организма эндогенные и экзогенные токсические вещества различной природы, включая патогенные бактерии и бактериальные токсины, антигены, пищевые аллергены, лекарственные препараты и яды, соли тяжелых металлов, радионуклиды, алкоголь. Полисорб; МП сорбирует также некоторые продукты обмена веществ организма, в т.ч. избыток билирубина, мочевины, холестерина и липидных комплексов, а также метаболиты, ответственные за развитие эндогенного токсикоза.</p>\r\n\r\n<p><a name=\"effect\"></a></p>\r\n\r\n<h3>Фармакологический эффект</h3>\r\n\r\n<p>Фармакокинетика</p>\r\n\r\n<h3>Показания</h3>\r\n\r\n<p>&nbsp;</p>\r\n\r\n<p><strong>ПОЛИСОРБ ПРИНИМАЮТ ДЛЯ ТОГО, ЧТОБЫ:</strong></p>\r\n\r\n<p>&nbsp;</p>\r\n\r\n<ul>\r\n\t<li>остановить&nbsp;<strong>диарею</strong>&nbsp;быстро,</li>\r\n\t<li>освободить организм от отравляющих и токсичных веществ при&nbsp;<strong>отравлении</strong>,</li>\r\n\t<li>избавить от проявлений&nbsp;<strong>аллергии</strong>&nbsp;и вывести провоцирующие аллергены,</li>\r\n\t<li>снять&nbsp;<strong>похмелье</strong>&nbsp;и его последствия или предотвратить их заранее,</li>\r\n</ul>\r\n\r\n<p>&nbsp;</p>\r\n\r\n<p>&nbsp;</p>\r\n\r\n<p><strong>МЕДИЦИНСКИЕ ПОКАЗАНИЯ К ПРИМЕНЕНИЮ ОБШИРНЫ:</strong></p>\r\n\r\n<ul>\r\n\t<li>острые и хронические&nbsp;интоксикации&nbsp;различного происхождения у взрослых и детей; острые&nbsp;кишечные инфекции&nbsp;любого генеза, включая пищевые токсикоинфекции, а также диарейный синдром неинфекционного происхождения, дисбактериоз (в составе комплексной терапии);&nbsp; гнойно-септические заболевания, сопровождающиеся выраженной интоксикацией; острые&nbsp;отравления&nbsp;сильнодействующим и ядовитыми веществами, в том числе лекарственными препаратами и алкоголем, алкалоидами, солями тяжелых металлов и др.; пищевая и лекарственная&nbsp;аллергия; вирусный&nbsp;гепатит&nbsp;и другие желтухи (гипербилирубинемия); хроническая&nbsp;почечная недостаточность&nbsp;(гиперазотемия); жителям экологически неблагоприятных регионов и работникам вредных производств, с целью профилактики.</li>\r\n\t<li>&nbsp;</li>\r\n\t<li>очистить организм от вредных веществ, радионуклидов, тяжелых металлов, поступающих из загрязненной окружающей среды, нездоровых продуктов питания,</li>\r\n\t<li>сделать прием других лекарств более действенным, т.к. очищает &laquo;засоренные&raquo; плоховосприимчивые рецепторы клеток (фармрезистентность), а также снижает побочный эффект антибиотиков и токсичных препаратов: гипертензивных, сахароснижающих, противоэпилептических, противоаллергических, антибактериальных и прочих химиотерапевтических, кислотоснижающих лекарственных препаратов,</li>\r\n\t<li>улучшить внешний вид кожи лица: очищение проблемной кожи от прыщей.</li>\r\n</ul>\r\n\r\n<p><a name=\"contraindications\"></a></p>\r\n\r\n<h3>Противопоказания</h3>\r\n\r\n<ul>\r\n\t<li>Язвенная болезнь желудка и&nbsp;12-ти перстной кишки в&nbsp;фазе обострения;</li>\r\n\t<li>Кровотечения из&nbsp;желудочно-кишечного тракта;</li>\r\n\t<li>Атония кишечника;</li>\r\n\t<li>Индивидуальная непереносимость препарата.</li>\r\n</ul>\r\n\r\n<h3>Способ применения и дозы</h3>\r\n\r\n<p><strong>КАК И СКОЛЬКО ПРИНИМАТЬ?</strong></p>\r\n\r\n<p>&nbsp;</p>\r\n\r\n<ul>\r\n\t<li><strong>Во-первых,</strong>&nbsp;Полисорб всегда принимается в виде&nbsp;<strong>водной суспензии</strong>, то есть порошок смешивается с&nbsp;<strong>1\\4 &ndash; 1\\2 стакана воды</strong>, и никогда не принимается сухим внутрь.</li>\r\n\t<li><strong>Во-вторых,</strong>&nbsp;количество порошка для приема&nbsp;<strong>зависит от массы тела</strong>, то есть нужно знать примерный вес взрослого или ребенка, который будет его пить. Передозировки быть не может, что снимает опасения при определении дозы.</li>\r\n</ul>\r\n\r\n<p>&nbsp;</p>\r\n\r\n<p><em>Таблица подсчета суточной дозы Полисорба&nbsp;в&nbsp;зависимости от&nbsp;массы тела пациента:&nbsp;</em><br />\r\n&nbsp;</p>\r\n\r\n<p>Вес пациента / Дозировка / Объем воды</p>\r\n\r\n<p>до&nbsp;10&nbsp;кг / 0,5-1,5 чайные ложки в&nbsp;сутки / 30-50&nbsp;мл</p>\r\n\r\n<p>11-20&nbsp;кг / 1&nbsp;чайная ложка &laquo;без горки&raquo; на&nbsp;1&nbsp;прием / 30-50&nbsp;мл</p>\r\n\r\n<p>21-30&nbsp;кг /&nbsp;1&nbsp;чайная ложка &laquo;с&nbsp;горкой&raquo; на&nbsp;1&nbsp;прием / 50-70&nbsp;мл</p>\r\n\r\n<p>31-40&nbsp;кг /&nbsp;2&nbsp;чайные ложки &laquo;с&nbsp;горкой&raquo; на&nbsp;1&nbsp;прием /&nbsp;70-100&nbsp;мл</p>\r\n\r\n<p>41-60&nbsp;кг /&nbsp;1&nbsp;столовая ложка &laquo;с&nbsp;горкой&raquo; на&nbsp;1&nbsp;прием /&nbsp;100&nbsp;мл</p>\r\n\r\n<p>более 60&nbsp;кг /&nbsp;1-2 столовые ложки &laquo;с&nbsp;горкой&raquo; на 1&nbsp;прием / 100-150&nbsp;мл</p>\r\n\r\n<p>1&nbsp;чайная ложка Полисорба &nbsp;&laquo;с&nbsp;горкой&raquo; содержит 1&nbsp;грамм препарата.<br />\r\n1&nbsp;грамм&nbsp;&mdash; наиболее рекомендуемая разовая детская дозировка.&nbsp;<br />\r\n1&nbsp;столовая ложка Полисорба &nbsp;&laquo;с&nbsp;горкой&raquo; содержит 2,5-3 грамма препарата.<br />\r\n3&nbsp;грамма&nbsp;&mdash; средняя разовая взрослая дозировка.</p>\r\n\r\n<p>&nbsp;</p>\r\n\r\n<p><strong>Способ применения Полисорб</strong><strong>а при основных показаниях</strong></p>\r\n\r\n<p>&nbsp;<strong>Заболевание / Способ применения /&nbsp;Особенности приема /&nbsp;Кол-во приемов / Длительность</strong></p>\r\n\r\n<p><strong>Пищевая аллергия:</strong></p>\r\n\r\n<p>Растворить порошок в возрастной дозе в &frac14;-&frac12;&nbsp; стакана воды&nbsp;</p>\r\n\r\n<p>Пить перед едой</p>\r\n\r\n<p>3 раза в день</p>\r\n\r\n<p>3-5 дней&nbsp;</p>\r\n\r\n<p><strong>Хроническая аллергия, крапивница, поллиноз, атопия:</strong></p>\r\n\r\n<p>Растворить порошок в возрастной дозе в &frac14;-&frac12;&nbsp; стакана воды</p>\r\n\r\n<p>Пить перед едой</p>\r\n\r\n<p>3 раза в день</p>\r\n\r\n<p>10-14 дней&nbsp;</p>\r\n\r\n<p><strong>Отравление:</strong></p>\r\n\r\n<p>Промывание<br />\r\nжелудка с 0,5-1% раствором полисорб МП( (2-4 столовые ложки на 1 литр воды)</p>\r\n\r\n<p>Далее &ndash;прием внутрь взвеси полисорба МП в возрастной дозе</p>\r\n\r\n<p>3 раза в день</p>\r\n\r\n<p>3-5 дней</p>\r\n\r\n<p><strong>Кишечные&nbsp;инфекции:</strong></p>\r\n\r\n<p>Растворить&nbsp;порошок в возрастной дозе в &frac14;-1/2 стакана воды: 1 сутки &ndash; принимать через каждый час.<br />\r\n2 сутки &ndash; четыре раза в сутки по дозе.&nbsp;&nbsp;</p>\r\n\r\n<p>Прием в&nbsp;составе комплексного лечения</p>\r\n\r\n<p>3-4 раза в день</p>\r\n\r\n<p>5-7 дней</p>\r\n\r\n<p><strong>Вирусный&nbsp;гепатит:</strong></p>\r\n\r\n<p>С первых дней&nbsp;болезни<br />\r\nРастворить порошок в возрастной дозе в &frac14;-&frac12; стакана воды</p>\r\n\r\n<p>Прием в&nbsp;составе комплексного лечения</p>\r\n\r\n<p>3-4 раза в день</p>\r\n\r\n<p>7-10 дней</p>\r\n\r\n<p><strong>Очищение&nbsp;организма:</strong></p>\r\n\r\n<p>Растворить порошок в возрастной дозе в &frac14;-&frac12;&nbsp; стакана воды</p>\r\n\r\n<p>За час до еды или через час после еды</p>\r\n\r\n<p>3 раза в день</p>\r\n\r\n<p>7-14 дней</p>\r\n\r\n<p><strong>Хроническая&nbsp;почечная&nbsp;</strong><br />\r\n<strong>недостаточность:</strong></p>\r\n\r\n<p>Растворить порошок в возрастной дозе в &frac14;-&frac12;&nbsp; стакана воды</p>\r\n\r\n<p>Прием в составе комплексного лечения</p>\r\n\r\n<p>&nbsp; &nbsp; &nbsp;3-4 раза в день</p>\r\n\r\n<p>&nbsp; &nbsp; &nbsp;25-30 дней</p>\r\n\r\n<p><strong>Токсикоз&nbsp;беременных:</strong></p>\r\n\r\n<p>Растворить порошок в возрастной дозе в &frac14;-&frac12;&nbsp; стакана воды</p>\r\n\r\n<p>За час до еды или через час после еды</p>\r\n\r\n<p>&nbsp; &nbsp; &nbsp;3 раза в день</p>\r\n\r\n<p>&nbsp; &nbsp; &nbsp;10-14 дней</p>\r\n\r\n<p><strong>Похмелье:</strong>&nbsp;</p>\r\n\r\n<p>1 сутки &ndash; принимать 5 раз в день через час.<br />\r\n2 сутки &ndash; принимать 4 раза в день через час.</p>\r\n\r\n<p>Пить больше жидкости</p>\r\n\r\n<p>1 сутки &ndash; 5 раз.<br />\r\n2 сутки &ndash; 4 раза.</p>\r\n\r\n<p>2 дня</p>\r\n\r\n<p><strong>Профилактика</strong><br />\r\n<strong>похмелья:</strong></p>\r\n\r\n<p>Принять по 1 дозе: до застолья, перед сном после застолья, наутро.</p>\r\n\r\n<p>1 раз в день</p>\r\n\r\n<p>&nbsp;3 дня</p>\r\n\r\n<p>Редко возникают запоры, для их профилактики следует пить больше воды. Аллергические реакции возможны. При длительном приеме (более 14 дней) возможно нарушение всасывания витаминов и кальция, что корректируется приемом поливитаминов и кальция. Полисорб&nbsp; принимают либо за 1 час до приема лекарств/пищи, либо через 1 час после приема лекарств/пищи.</p>\r\n\r\n<p>Независимо от показания препарат всегда перед применением размешивается в чистой воде комнатной температуры (количество воды и препарата варьируется от возраста).</p>\r\n\r\n<p>Кроме того, допустимо использовать грудное молоко, сок без мякоти, морс или добавить в воду сок лимона и т.д.</p>\r\n\r\n<p>У детей грудного возраста допустимо использовать меньший объем воды 15-25 мл (в отличие рекомендованного 30-50 мл) для размешивания препарата, а остальным объемом воды (до 50-100 мл) ребенка необходимо допоить. У взрослых &ndash; перед приемом препарат размешивается в &frac12;-1 стакане воды.</p>\r\n\r\n<p>При приеме препарата стоит соблюдать повышенный питьевой режим (если нет ограничений со стороны врача) &ndash; до 2,5-3 л воды в день.</p>\r\n\r\n<p><a name=\"certificates\"></a></p>\r\n\r\n<p>Сертификаты</p>", "price": "560.00", "discount": 10, "category": 2, "status": true, "created": "2022-02-26T12:38:37.191Z"}}, {"model": "shop.products", "pk": 7, "fields": {"title": "Ангидак спрей 30 мл", "slug": "angidak-sprej-30-ml", "quantity": 1, "image": "products/ангидак.jpeg", "description": "<h3>Описание</h3>\r\n\r\n<p>Спрей для местного применения дозированный в виде бесцветного или слегка желтоватого прозрачного раствора с характерным запахом мяты.<br />\r\n1 доза:<br />\r\nАктивные вещества: бензидамина гидрохлорид 0.255 мг;<br />\r\nВспомогательные вещества: этанол 95% - 13.89 мг, глицерол (глицерин) - 8.52 мг, метилпарагидроксибензоат - 0.17 мг, ароматизатор ментоловый - 0.051 мг, натрия сахаринат - 0.041 мг, натрия гидрокарбонат - 0.019 мг, полисорбат 20 - 0.009 мг, натрия гидроксида раствор 1 М или раствор хлористоводородной кислоты 0.5 М - до pH 5.0-7.0, вода д/и - до 170 мкл.<br />\r\n30 мл (176 доз) - флаконы из полиэтилена высокой плотности (1) - пачки картонные.</p>", "detail": "<p>Характеристики</p>\r\n\r\n<table>\r\n\t<tbody>\r\n\t\t<tr>\r\n\t\t\t<td>Зарегистрировано как</td>\r\n\t\t\t<td>Лекарственное средство</td>\r\n\t\t</tr>\r\n\t</tbody>\r\n</table>\r\n\r\n<p>Инструкция по применению</p>\r\n\r\n<h3>Действующие вещества</h3>\r\n\r\n<p><a href=\"https://gorzdrav.org/mnn/benzidamin/\">Бензидамин</a></p>\r\n\r\n<h3>Форма выпуска</h3>\r\n\r\n<p>Аэрозоль</p>\r\n\r\n<h3>Состав</h3>\r\n\r\n<p>Спрей для местного применения дозированный в виде бесцветного или слегка желтоватого прозрачного раствора с характерным запахом мяты.<br />\r\n1 доза:<br />\r\nАктивные вещества: бензидамина гидрохлорид 0.255 мг;<br />\r\nВспомогательные вещества: этанол 95% - 13.89 мг, глицерол (глицерин) - 8.52 мг, метилпарагидроксибензоат - 0.17 мг, ароматизатор ментоловый - 0.051 мг, натрия сахаринат - 0.041 мг, натрия гидрокарбонат - 0.019 мг, полисорбат 20 - 0.009 мг, натрия гидроксида раствор 1 М или раствор хлористоводородной кислоты 0.5 М - до pH 5.0-7.0, вода д/и - до 170 мкл.<br />\r\n30 мл (176 доз) - флаконы из полиэтилена высокой плотности (1) - пачки картонные.</p>\r\n\r\n<p><a name=\"effect\"></a></p>\r\n\r\n<h3>Фармакологический эффект</h3>\r\n\r\n<p>Бензидамин является нестероидным противовоспалительным препаратом, относится к группе индазолов. Оказывает противовоспалительное и местное обезболивающее действие, обладает антибактериальным, противогрибковым и антисептическим действием. Механизм действия препарата связан со стабилизацией клеточных мембран и ингибированием синтеза простагландинов. Бензидамин оказывает антибактериальное и противогрибковое действие за счет быстрого проникновения через мембраны клеток микроорганизмов с последующим повреждением клеточных структур, нарушением метаболических процессов и лизосом клеток микроорганизмов. Бензидамин обладает противогрибковым действием в отношении Candida albicans. Вызывает структурные модификации клеточной стенки грибов и их метаболических цепей и, таким образом, препятствует их репродукции, что является основанием для применения бензидамина при воспалительных процессах в ротовой полости, включая инфекционную этиологию.</p>\r\n\r\n<h3>Показания</h3>\r\n\r\n<p>Симптоматическая терапия болевого синдрома воспалительных заболеваний полости рта и ЛОР-органов: гингивит, глоссит, стоматит (в том числе после лучевой химиотерапии); фарингит, ларингит, тонзиллит; кандидоз слизистой оболочки полости рта (в составе комбинированной терапии); калькулезное воспаление слюнных желез; после оперативных вмешательств и травм (тонзилэктомия, переломы челюсти); после лечения или удаления зубов; пародонтоз. При инфекционных и воспалительных заболеваниях, требующих системного лечения, необходимо применение препарата в составе комбинированной терапии.</p>\r\n\r\n<p><a name=\"contraindications\"></a></p>\r\n\r\n<h3>Противопоказания</h3>\r\n\r\n<p>Повышенная чувствительность к бензидамину.</p>\r\n\r\n<h3>Применение при беременности и кормлении грудью</h3>\r\n\r\n<p>С осторожностью применять при беременности и в период лактации.</p>\r\n\r\n<h3>Способ применения и дозы</h3>\r\n\r\n<p>Местно. Взрослым и пациентам пожилого возраста назначают по 4-8 доз каждые 1,5-3 часа. Детям в возрасте 3-6 лет - по 1-4 дозы (максимально - 4 дозы) каждые 1,5-3 часа. Детям в возрасте 6-12 лет - по 4 дозы каждые 1,5-3 часа. Курс лечения: при воспалительных заболеваниях полости рта и ЛОР-органов (различной этиологии): от 4 до 15 дней; при одонто-стоматологической патологии: от 6 до 25 дней; после оперативных вмешательств и травм (тонзилэктомия, переломы челюсти): от 4 до 7 дней. При применении препарата в течение длительных сроков (более 7 дней), необходима консультация врача.</p>\r\n\r\n<h3>Побочные действия</h3>\r\n\r\n<p>Со стороны дыхательной системы: очень редко (&lt; 0,01 %) - ларингоспазм. Местные реакции: сухость во рту, чувство онемения, жжения в ротовой полости. Аллергические реакции: кожная сыпь.</p>\r\n\r\n<p><a name=\"cautions\"></a></p>\r\n\r\n<h3>Особые указания</h3>\r\n\r\n<p>Не рекомендуется применять для полоскания полости рта у детей в возрасте до 12 лет.</p>", "price": "450.00", "discount": 10, "category": 2, "status": true, "created": "2022-02-26T12:42:51.700Z"}}, {"model": "shop.products", "pk": 8, "fields": {"title": "Бифиформ капсулы 30 шт", "slug": "bifiform-kapsuly-30-sht", "quantity": 1, "image": "products/бифио.jpeg", "description": "<h3>Описание</h3>\r\n\r\n<p>Действующее вещество: Бифидобактерии(Bifidobacterium longum), Энтерококки(Enterococcus faecium). Концентрация действующего вещества (ед. ): Бифидобактерии - 107 КОЕ, Энтерококки - 107 КОЕ</p>", "detail": "<p>Характеристики</p>\r\n\r\n<table>\r\n\t<tbody>\r\n\t\t<tr>\r\n\t\t\t<td>Минимальный возраст от.</td>\r\n\t\t\t<td>2 лет</td>\r\n\t\t</tr>\r\n\t\t<tr>\r\n\t\t\t<td>Способ применения</td>\r\n\t\t\t<td>Перорально</td>\r\n\t\t</tr>\r\n\t\t<tr>\r\n\t\t\t<td>Количество в упаковке</td>\r\n\t\t\t<td>30 шт</td>\r\n\t\t</tr>\r\n\t\t<tr>\r\n\t\t\t<td>Максимальная допустимая температура хранения, &deg;С</td>\r\n\t\t\t<td>25 &deg;C</td>\r\n\t\t</tr>\r\n\t\t<tr>\r\n\t\t\t<td>Срок годности</td>\r\n\t\t\t<td>24 мес</td>\r\n\t\t</tr>\r\n\t\t<tr>\r\n\t\t\t<td>Условия хранения</td>\r\n\t\t\t<td>В сухом месте</td>\r\n\t\t</tr>\r\n\t\t<tr>\r\n\t\t\t<td>Форма выпуска</td>\r\n\t\t\t<td>Капсулы</td>\r\n\t\t</tr>\r\n\t\t<tr>\r\n\t\t\t<td>Страна-изготовитель</td>\r\n\t\t\t<td>Дания</td>\r\n\t\t</tr>\r\n\t\t<tr>\r\n\t\t\t<td>Порядок отпуска</td>\r\n\t\t\t<td>Без рецепта</td>\r\n\t\t</tr>\r\n\t\t<tr>\r\n\t\t\t<td>Действующее вещество</td>\r\n\t\t\t<td>Энтерококки (Enterococcus faecium)Бифидобактерии (Bifidobacterium longum)</td>\r\n\t\t</tr>\r\n\t\t<tr>\r\n\t\t\t<td>Сфера применения</td>\r\n\t\t\t<td>Гастроэнтерология</td>\r\n\t\t</tr>\r\n\t\t<tr>\r\n\t\t\t<td>Фармакологическая группа</td>\r\n\t\t\t<td>A07FA Противодиарейные препараты биологического происхождения, регулирующие равновесие кишечной микрофлоры</td>\r\n\t\t</tr>\r\n\t</tbody>\r\n</table>\r\n\r\n<p>Инструкция по применению</p>\r\n\r\n<h3>Действующие вещества</h3>\r\n\r\n<p><a href=\"https://gorzdrav.org/mnn/enterokokkus-fecium/\">Энтерококкус фециум</a>&nbsp;,&nbsp;<a href=\"https://gorzdrav.org/mnn/bifidobakterii/\">Бифидобактерии</a></p>\r\n\r\n<h3>Форма выпуска</h3>\r\n\r\n<p>Капсулы</p>\r\n\r\n<h3>Состав</h3>\r\n\r\n<p>Действующее вещество: Бифидобактерии(Bifidobacterium longum), Энтерококки(Enterococcus faecium). Концентрация действующего вещества (ед. ): Бифидобактерии - 107 КОЕ, Энтерококки - 107 КОЕ</p>\r\n\r\n<p><a name=\"effect\"></a></p>\r\n\r\n<h3>Фармакологический эффект</h3>\r\n\r\n<p>Фармакологическое действие - нормализующее микрофлору кишечника.</p>\r\n\r\n<h3>Фармакокинетика</h3>\r\n\r\n<p>Бифиформ - препарат для лечения и профилактики дисбактериозов различной этиологии. Входящие в состав препарата молочнокислые бактерии поддерживают и регулируют физиологическое равновесие кишечной микрофлоры.</p>\r\n\r\n<h3>Показания</h3>\r\n\r\n<p>Диарея, вызванная острым и обострением хронического гастроэнтерита, ротавирусной инфекцией. антибиотик-ассоциированная диарея. диарея путешественника. в комплексной терапии острых кишечных инфекций. в комплексной терапии хронических заболеваний ЖКТ, таких как колит, синдром раздраженного кишечника и других желудочно-кишечных расстройств функционального генеза. нормализация микрофлоры кишечника, лечение и профилактика дисбактериозов и поддержание иммунной системы у детей старше 2-х лет и взрослых. непереносимость лактозы. в составе комплексной стандартной эрадикационной терапии у пациентов с хеликобактерной инфекцией.</p>\r\n\r\n<p><a name=\"contraindications\"></a></p>\r\n\r\n<h3>Противопоказания</h3>\r\n\r\n<p>Индивидуальная гиперчувствительность к компонентам препарата.</p>\r\n\r\n<h3>Меры предосторожности</h3>\r\n\r\n<p>Не следует превышать максимальную суточную дозу.</p>\r\n\r\n<h3>Применение при беременности и кормлении грудью</h3>\r\n\r\n<p>Применение препарата Бифиформ в период беременности и лактации считается безопасным, поскольку препарат не всасывается и не оказывает системного действия.</p>\r\n\r\n<h3>Способ применения и дозы</h3>\r\n\r\n<p>При острой диарее препарат необходимо принимать по 1 капсуле 4 раза в день до нормализации стула. Затем прием препарата необходимо продолжить в дозе 2-3 капсулы в сутки до полного исчезновения симптомов. Для нормализации микрофлоры кишечника и поддержки иммунной системы препарат назначаютв дозе 2-3 капсулы в сутки 10-21 день. Пациентам с непереносимостью лактозы рекомендуется принимать препарат по 1 капсуле 3 раза в сутки. При проведении эрадикационной терапии Бифиформ назначают по 2 капсулы 2 раза в день на протяжении двух недель с первого дня эрадикационной терапии. Детям с 2-х лет по 1 капсуле 2-3 раза в день. Если ребенок не может проглотить капсулу, ее необходимо вскрыть и смешать содержимое с небольшим количеством жидкости.</p>\r\n\r\n<h3>Побочные действия</h3>\r\n\r\n<p>При применении в рекомендуемых дозах по установленным показаниям побочные эффекты не выявлены.</p>\r\n\r\n<h3>Передозировка</h3>\r\n\r\n<p>Симптомы передозировки ранее не зарегистрированы. В случае значительного превышения рекомендуемых доз целесообразно медицинское наблюдение.</p>\r\n\r\n<h3>Взаимодействие с другими препаратами</h3>\r\n\r\n<p>Препарат может быть использован в сочетании с другими лекарственными препаратами. Разрешается одновременное назначение с антибиотиками.</p>\r\n\r\n<p><a name=\"cautions\"></a></p>\r\n\r\n<h3>Особые указания</h3>\r\n\r\n<p>Препарат не влияет на способность к вождению автомобиля и управлению механизмами. Меры предосторожности: не следует превышать максимальную суточную дозу.</p>", "price": "560.00", "discount": 10, "category": 1, "status": true, "created": "2022-02-26T12:46:42.189Z"}}, {"model": "shop.products", "pk": 9, "fields": {"title": "Детримакс таблетки 60 шт", "slug": "detrimaks-tabletki-60-sht", "quantity": 1, "image": "products/детир.jpeg", "description": "<h3>Описание</h3>\r\n\r\n<p><em>активное вещество:</em><br />\r\nхолекальциферол (витамин D3)25 мкг (1000 МЕ)</p>\r\n\r\n<p><em>вспомогательные вещества:</em>&nbsp;орто-Фосфат кальция 2-замещенный (носитель); микрокристаллическая целлюлоза Е460 (антислеживающий агент)</p>\r\n\r\n<p><em>оболочка таблетки:</em>&nbsp;гидроксипропилметилцеллюлоза Е464 (носитель); титана диоксид Е171 (краситель), полидекстроза Е1200 (стабилизатор); тальк Е553 (антислеживающий агент); мальтодекстрин; среднецепочечные триглицериды; магниевая соль стеариновой кислоты Е572 (стабилизатор)</p>", "detail": "<p>Характеристики</p>\r\n\r\n<table>\r\n\t<tbody>\r\n\t\t<tr>\r\n\t\t\t<td>Зарегистрировано как</td>\r\n\t\t\t<td>БАД</td>\r\n\t\t</tr>\r\n\t</tbody>\r\n</table>\r\n\r\n<p>Инструкция по применению</p>\r\n\r\n<h3>Действующие вещества</h3>\r\n\r\n<p><a href=\"https://gorzdrav.org/mnn/kholekalciferol/\">Холекальциферол</a></p>\r\n\r\n<h3>Форма выпуска</h3>\r\n\r\n<p>Таблетки</p>\r\n\r\n<h3>Состав</h3>\r\n\r\n<p><em>активное вещество:</em><br />\r\nхолекальциферол (витамин D3)25 мкг (1000 МЕ)</p>\r\n\r\n<p><em>вспомогательные вещества:</em>&nbsp;орто-Фосфат кальция 2-замещенный (носитель); микрокристаллическая целлюлоза Е460 (антислеживающий агент)</p>\r\n\r\n<p><em>оболочка таблетки:</em>&nbsp;гидроксипропилметилцеллюлоза Е464 (носитель); титана диоксид Е171 (краситель), полидекстроза Е1200 (стабилизатор); тальк Е553 (антислеживающий агент); мальтодекстрин; среднецепочечные триглицериды; магниевая соль стеариновой кислоты Е572 (стабилизатор)<br />\r\n&nbsp;</p>\r\n\r\n<p><a name=\"effect\"></a></p>\r\n\r\n<h3>Фармакологический эффект</h3>\r\n\r\n<p>Жизненно важный жирорастворимый витамин, необходимый для обеспечения деятельности практически всех органов и систем человеческого организма. Хорошо усваивается в желудочно-кишечном тракте за счет образования в среде тонкого кишечника мицеллярных соединений.</p>\r\n\r\n<p><em>Костная система.</em>&nbsp;Участвует в регуляции фосфорно-кальциевого обмена: помогает всасываться кальцию в кишечнике, поддерживает необходимые уровни кальция и фосфора в крови, активизирует костный метаболизм. Способствует обеспечению прочности костей и зубов, снижению риска развития рахита, остеомаляции.</p>\r\n\r\n<p><em>Мышечная система.</em>&nbsp;Способствует поддержанию силы мышц и нервно-мышечной проводимости, благодаря чему снижает риск падений и переломов.</p>\r\n\r\n<p><em>Иммунная система.</em>&nbsp;Способствует активации здоровой иммунной функции, положительно влияя как на врожденный, так и приобретенный иммунитет. Запускает синтез в организме собственных антимикробных пептидов: каталицидина и дефензина. Способствует снижению риска развития простудных заболеваний. Оказывает регулирующее влияние на рост, развитие и обновление клеток. Недостаток витамина D в организме приводит к ослаблению иммунной защиты организма.</p>\r\n\r\n<p><em>Регуляция энергетического потенциала клеток.</em>&nbsp;Способствует снятию усталости и повышению тонуса организма, регулируя собственный энергетический потенциал клеток. В результате влияния витамина D в митохондриях клеток повышается выработка АТФ, являющегося собственным универсальным источником энергии для всех биохимических процессов, протекающих в организме.</p>\r\n\r\n<p><em>Нервная система.</em>&nbsp;Положительно влияет на деятельность нервной системы, включая психо-эмоциональную сферу и когнитивные функции (настроение, память, внимание, работоспособность, общий тонус организма), поскольку участвует в производстве нейромедиаторов, биологически активных веществ, посредством которых осуществляется передача нервных импульсов между нервными клетками. Он необходим для превращения триптофана (аминокислоты, поступающей в организм с пищей) в серотонин&nbsp;&mdash; нейромедиатор, имеющий огромное значение для нормальной когнитивной функции и психо-эмоционального состояния человека. Способствует улучшению настроения.</p>\r\n\r\n<p>Витамин D способен оказывать позитивное действие на болевую чувствительность за счет позитивного влияния на синтез нейромедиаторов: серотонина, допамина.</p>\r\n\r\n<p><em>Бронхолегочная система.</em>&nbsp;Способствует предотвращению изменений гладких мышц воздухоносных путей, регулирует сокращение мышц дыхательных путей и воспалительный ответ, что способствует нормальной функции легких.</p>\r\n\r\n<p><em>Репродуктивная функция.</em>&nbsp;Стимулирует синтез женских и мужских половых гормонов: эстрогенов, прогестерона, тестостерона. Оказывает положительное влияние на репродуктивную функцию, как у женщин, так и у мужчин. У женщин с достаточным уровнем витамина D3&nbsp;оплодотворение яйцеклеток происходит чаще. Отсутствие дефицита витамина D3&nbsp;позволяет улучшить результаты ЭКО. Вероятнее всего, этот эффект обусловлен влиянием витамина D3&nbsp;на эндометрий. Прием витамина D3&nbsp;позволяет повысить толщину эндометрия у женщин с синдромом поликистозных яичников. Помимо этого, D3&nbsp;играет существенную роль в коррекции ожирения и течения метаболического синдрома. Исследования позволили установить, что прием матерью витамина D3&nbsp;сопровождается более низким риском развития обструктивных заболеваний легких у детей.</p>\r\n\r\n<p><em>Эндокринная система.</em>&nbsp;Витамин D влияет на метаболизм глюкозы и инсулина, а дефицит витамина D является фактором риска для развития инсулинорезистентности, нарушения толерантности к глюкозе. Витамин D может стимулировать секрецию бета-клетками поджелудочной железы инсулина, а также опосредованно активирует кальцийзависимую эндопептидазу бета-клеток, которая преобразует проинсулин в активный инсулин. Витамин D может влиять на чувствительность тканей к инсулину непосредственно, стимулируя экспрессию рецепторов инсулина в клетках. Витамин D позитивно влияет на липидный обмен, способствуя снижению в крови уровня общего холестерина, триглицеридов и липидов низкой плотности .</p>\r\n\r\n<p><em>ССС.</em>&nbsp;Витамин D играет протективную роль в поддержании функции ССС. Позитивно влияет на внутренний слой и мышечную стенку сосудов, а также на процессы свертывания крови.</p>\r\n\r\n<h3>Фармакокинетика</h3>\r\n\r\n<p>Витамин D3&nbsp;&mdash; жизненно важный жирорастворимый витамин, необходимый для обеспечения деятельности практически всех органов и систем человеческого организма.</p>\r\n\r\n<p>Детримакс витамин D3&nbsp;способствует поддержанию нормальной иммунной функции; укреплению костно-мышечной системы; повышению энергетического потенциала организма; поддержанию нормальной деятельности нервной системы; поддержанию нормальной репродуктивной функции, как у женщин, так и у мужчин.</p>\r\n\r\n<p><em>Важная дополнительная информация</em></p>\r\n\r\n<p>Эпидемиологические исследования, проведенные в России, установили, что сниженная концентрация витамина D в крови наблюдается у 50&ndash;92% взрослого населения трудоспособного возраста и детей, вне зависимости от сезона года. Причинами дефицита витамина D у большей части российского населения являются как недостаточное его потребление с пищей, так и низкий уровень его синтеза в коже вследствие географического расположения территории РФ (низкая инсоляция).</p>\r\n\r\n<p><em>Нарушения здоровья, ассоциированные с дефицитом витамина D</em></p>\r\n\r\n<p>Основным проявлением дефицита витамина D в детском возрасте является рахит, у взрослых&nbsp;&mdash; остеомаляция.</p>\r\n\r\n<p>У пожилых людей дефицит витамина D в первую очередь ассоциирован с мышечной слабостью, плохой физической функцией и нарушением баланса, повышенной хрупкостью костей. Комиссией по диетическим продуктам, питанию и аллергии Комитета по продовольствию Европейского ведомства по безопасности пищевых продуктов установлена связь между потреблением витамина D с пищей и его вкладом в нормальное функционирование иммунной системы и физиологической воспалительной реакции.</p>\r\n\r\n<h3>Показания</h3>\r\n\r\n<p>В качестве БАДа к пище&nbsp;&mdash; дополнительного источника витамина D.</p>\r\n\r\n<p><a name=\"contraindications\"></a></p>\r\n\r\n<h3>Противопоказания</h3>\r\n\r\n<p>Индивидуальная непереносимость компонентов продукта.</p>\r\n\r\n<h3>Применение при беременности и кормлении грудью</h3>\r\n\r\n<p>Продукт не имеет противопоказаний в период беременности, но принимать его следует с осторожностью. Перед применением рекомендуется проконсультироваться с врачом.</p>\r\n\r\n<h3>Способ применения и дозы</h3>\r\n\r\n<p><em>Внутрь</em>, во время еды.</p>\r\n\r\n<p>Взрослым&nbsp;&mdash; по 1/2 табл. в день. Продолжительность приема&nbsp;&mdash; 1 мес. Перед применением рекомендуется проконсультироваться с врачом.</p>\r\n\r\n<p>Суточный прием (1/2 табл.)&nbsp;&mdash; 12,5 мкг (500 МЕ), что составляет 250%*от рекомендуемого уровня суточного потребления** .</p>\r\n\r\n<p>*Не превышает верхний допустимый уровень потребления, Единые санитарно-эпидемиологические и гигиенические требования к товарам, подлежащим санитарно-эпидемиологическому надзору (контролю)&raquo; Таможенного союза ЕврАзЭС.</p>\r\n\r\n<p>**ТР ТС 022/2011, &laquo;Пищевая продукция в части ее маркировки&raquo;.</p>\r\n\r\n<h3>Условия хранения</h3>\r\n\r\n<p>При температуре не выше 25&nbsp;&deg;C.</p>\r\n\r\n<p><em>Хранить в недоступном для детей месте.</em></p>", "price": "800.00", "discount": 7, "category": 1, "status": true, "created": "2022-02-26T12:48:53.936Z"}}, {"model": "shop.products", "pk": 10, "fields": {"title": "Супрадин таблетки", "slug": "supradin-tabletki", "quantity": 3, "image": "products/суп.jpeg", "description": "<h3>Описание</h3>\r\n\r\n<p>Поливитаминное средство + минералы.<br />\r\n<br />\r\n*1) Белинская А.Ю., Торшин И.Ю. с соавт. Сравнительное фармакоэкономическое исследование витаминно-минеральных комплексов для реабилитации в период повышенных потребностей в микронутриентах. ФАРМАКОЭКОНОМИКА. Современная фармакоэкономика и фармакоэпидемиология. 2015. 3: 3-13.2) Маркетинговое исследование &quot;SUPRADYN active Pharmacy Test&quot;, Австрия 2012 год, Sensor Marktforschung</p>", "detail": "<p>Характеристики</p>\r\n\r\n<table>\r\n\t<tbody>\r\n\t\t<tr>\r\n\t\t\t<td>Условия хранения</td>\r\n\t\t\t<td>При комнатной температуре<br />\r\n\t\t\tБеречь от детей</td>\r\n\t\t</tr>\r\n\t\t<tr>\r\n\t\t\t<td>Срок годности</td>\r\n\t\t\t<td>24</td>\r\n\t\t</tr>\r\n\t\t<tr>\r\n\t\t\t<td>Количество в упаковке</td>\r\n\t\t\t<td>60</td>\r\n\t\t</tr>\r\n\t\t<tr>\r\n\t\t\t<td>Форма выпуска</td>\r\n\t\t\t<td>Таблетка</td>\r\n\t\t</tr>\r\n\t\t<tr>\r\n\t\t\t<td>Сфера применения</td>\r\n\t\t\t<td>Витамины и БАДы</td>\r\n\t\t</tr>\r\n\t</tbody>\r\n</table>\r\n\r\n<p>Инструкция по применению</p>\r\n\r\n<p><a name=\"common\"></a></p>\r\n\r\n<h3>Описание</h3>\r\n\r\n<p>Поливитаминное средство + минералы.<br />\r\n<br />\r\n*1) Белинская А.Ю., Торшин И.Ю. с соавт. Сравнительное фармакоэкономическое исследование витаминно-минеральных комплексов для реабилитации в период повышенных потребностей в микронутриентах. ФАРМАКОЭКОНОМИКА. Современная фармакоэкономика и фармакоэпидемиология. 2015. 3: 3-13.2) Маркетинговое исследование &quot;SUPRADYN active Pharmacy Test&quot;, Австрия 2012 год, Sensor Marktforschung</p>\r\n\r\n<h3>Действующие вещества</h3>\r\n\r\n<p><a href=\"https://gorzdrav.org/mnn/polivitaminy--mineraly/\">Поливитамины + Минералы</a></p>\r\n\r\n<h3>Бренд</h3>\r\n\r\n<p><a href=\"https://gorzdrav.org/brands/145/\">Супрадин</a></p>\r\n\r\n<h3>Форма выпуска</h3>\r\n\r\n<p>Таблетки</p>\r\n\r\n<h3>Состав</h3>\r\n\r\n<p>Действующие вещества:<br />\r\nВитамины:<br />\r\nВитамин А (ретинола пальмитат)1 3333 МЕ<br />\r\nВитамин В1 (тиамина мононитрат) 20 мг<br />\r\nВитамин В2 (рибофлавин) 5 мг<br />\r\nВитамин В6 (пиридоксина гидрохлорид) 10 мг<br />\r\nВитамин В12 (цианокобаламин 0,1 %)2 5 мкг<br />\r\nВитамин С (аскорбиновая кислота) 150 мг<br />\r\nВитамин D3 (колекальциферол)3 500 МЕ<br />\r\nВитамин Е (альфа-токоферола ацетат 50 %)4 10 мг<br />\r\nБиотин 250 мкг<br />\r\nКальция пантотенат 11,6 мг<br />\r\nФолиевая кислота 1 мг<br />\r\nНикотинамид 50 мг<br />\r\nМинералы и микроэлементы:<br />\r\nКальций (в форме кальция фосфата и кальция пантотената) 51,3 мг<br />\r\nМагний (в форме магния оксида и магния стеарата) 21,2 мг<br />\r\nЖелезо (в форме железа сульфата сухого) 10 мг<br />\r\nМарганец (в форме марганца сульфата моногидрата) 0,5 мг<br />\r\nФосфор (в форме кальция фосфата) 23,8 мг<br />\r\nМедь (в форме меди сульфата) 1 мг<br />\r\nЦинк (в форме цинка сульфата моногидрата) 0,5 мг<br />\r\nМолибден (в форме натрия молибдата дигидрата) 0,1 мг<br />\r\nВспомогательные вещества:<br />\r\nядро таблетки: целлюлоза микрокристаллическая 103,932 мг, повидон-К90 45,04 мг, лактозы моногидрат 7,775 мг, кросповидон 25 мг, магния стеарат 9 мг, маннитол 10,8 мг, сахароза 2,475 мг,<br />\r\nоболочка: акации камедь сухой спрей 2,979 мг, крахмал рисовый 15,833 мг, кантаксантин 10 %5 0,5 мг, парафин 0,198 мг, парафин жидкий 0,033 мг, сахароза 303,64 мг, тальк 44,417 мг, титана диоксид 2,4 мг.<br />\r\n1 в форме сухого ретинола пальмитата 250 CWS (1 г содержит: витамин А пальмитат 148 мг, бутилгидроксианизол 2 мг, бутилгидрокситолуол 9 мг, DL-альфа-токоферол 3 мг, желатин 330 мг, сахароза 330 мг, крахмал кукурузный 178 мг).<br />\r\n2 в форме водного раствора цианокобаламина 0,1 % WS (1 г содержит: цианокобаламин 1,1 мг, натрия цитрат 30 мг, лимонная кислота 10 мг, мальтодекстрин 959 мг).<br />\r\n3 в форме колекальциферола 100 CWS (1 г содержит: колекальциферол 2,5 мг, DL-альфа-токоферол 2,0 мг, соевых бобов масло 75 мг, желатин 380 мг, сахароза 380 мг, крахмал куку-рузный 160,5 мг).<br />\r\n4 в форме сухого витамина Е 50 % SD (1 г содержит: DL-альфа-токоферола ацетат 500 мг, жела-тин 470 мг, кремния диоксид 30 мг).<br />\r\n5 в форме кантаксантина 10 % CWS/S (кантаксантин, DL-альфа-токоферол, масло кукурузное, крахмал кукурузный, крахмал пищевой модифицированный).</p>\r\n\r\n<p><a name=\"effect\"></a></p>\r\n\r\n<h3>Фармакологический эффект</h3>\r\n\r\n<p>Витамин А способствует нормальному росту, участвует в формировании и поддержании структуры и функций костей, зубов, кожи, участвует в синтезе зрительного пигмента.<br />\r\nВитамин В1 способствует нормальному функционированию нервной системы.<br />\r\nВитамин В2 участвует в тканевом дыхании, белковом, углеводном и жировом обмене.<br />\r\nВитамин В6 способствует поддержанию структуры и функции костей, зубов, десен, оказывает влияние на эритропоэз.<br />\r\nВитамин B12 участвует в эритропоэзе, способствует нормальному функционированию нервной системы.<br />\r\nВитамин С участвует в формировании и поддержании структуры и функции костей, зубов и десен, укрепляет стенки капилляров.<br />\r\nВитамин D3 регулирует обмен фосфора и кальция в организме, содействуя всасыванию этих веществ кишечником, своевременному отложению их в костях.<br />\r\nВитамин Е обеспечивает нормальное функционирование эритроцитов, предохраняет от повреждения клеточные мембраны.<br />\r\nБиотин принимает участие в обменных процессах, способствует усвоению белка.<br />\r\nПантотеновая кислота участвует в процессах метаболизма жиров, белков и углеводов.<br />\r\nФолиевая кислота участвует в эритропоэзе.<br />\r\nНикотинамид принимает участие в окислительно-восстановительных процессах, обеспечивает перенос водорода и фосфата.<br />\r\nКальций участвует в формировании костей и зубов, способствует нормальной свертываемости крови.<br />\r\nМагний участвует в формировании мышечной и костной тканей, а также принимает участие в синтезе белка.<br />\r\nЖелезо участвует в эритропоэзе, является важной составной частью гемоглобина, который обеспечивает транспорт кислорода в ткани.<br />\r\nФосфор, наряду с кальцием, участвует в формировании костей и зубов, а также участвует в процессах энергетического обмена.<br />\r\nМарганец содействует правильной минерализации костей.<br />\r\nМедь необходима для нормальной функции эритроцитов и обмена железа.<br />\r\nЦинк входит в состав около 70 ферментов, участвующих в синтезе и метаболизме гормонов (в основном глюкокортикостероидов), а также делении и взаимодействии иммунокомпетентных клеток.<br />\r\nМолибден входит в состав ферментов и коферментов, участвующих во многих окислительно-восстановительных реакциях в организме.<br />\r\nСупрадин содержит 12 витаминов в сочетании с минералами и микроэлементами, являющихся важными факторами метаболических процессов.<br />\r\nВитамины необходимы для метаболизма углеводов, образования запасов энергии, метаболизма липидов, нуклеиновых кислот и белков, а также для синтеза коллагена, нейромедиаторов и т. д.<br />\r\nВитамины принимают участие во многих метаболических процессах, а также и в их регуляции.</p>\r\n\r\n<h3>Показания</h3>\r\n\r\n<p>Препарат применяется для профилактики и лечения гипо- и авитаминозов.</p>\r\n\r\n<p><a name=\"contraindications\"></a></p>\r\n\r\n<h3>Противопоказания</h3>\r\n\r\n<p>Повышенная чувствительность к компонентам препарата. Гипервитаминоз А и D, нарушение обмена железа или меди, гиперкальциемия, выраженная гиперкальциурия, почечная недостаточность, а также период лечения ретиноидами, дефицит сахаразы/изомальтазы, непереносимость фруктозы, глюкозо-галактозная мальабсорбция, аллергическая реакция на арахис или сою.<br />\r\nДетский возраст до 12 лет.</p>\r\n\r\n<h3>Применение при беременности и кормлении грудью</h3>\r\n\r\n<p>Можно принимать во время беременности и в период грудного вскармливания при условии соблюдения рекомендуемой ежедневной дозы. Нет данных, указывающих на риск для плода в случае приема препарата в рекомендованных дозах во время беременности.<br />\r\nПоскольку во время беременности доза витамина A не должна превышать 3000-4000 МЕ в день, не следует применять Супрадин&reg; с другими лекарственными средствами, содержащими витамин A, синтетические изомеры, изотретиноин и этретинат или бета-каротин.<br />\r\nПостоянная передозировка витамина D наряду с постоянной гиперкальциемией оказывает неблагоприятное воздействие на плод и новорожденного, а именно: может приводить к развитию надклапанного стеноза устья аорты у плода, отставанию в физическом и умственном развитии и ретинопатии у детей. В связи с этим необходимо учитывать поступление в организм новорожденного витамина D.</p>\r\n\r\n<h3>Способ применения и дозы</h3>\r\n\r\n<p>Препарат рекомендуется принимать во время еды, проглатывая целиком, запивая стаканом воды (200 мл).<br />\r\nВзрослые и подростки старше 12 лет:<br />\r\nдля профилактики принимать по 1 таблетке в день,<br />\r\nдля лечения гипо- и авитаминозов принимать по 1 таблетке в день.<br />\r\nКурс лечения &ndash; 1-2 месяца. Повторный курс лечения &ndash; после консультации с врачом.</p>\r\n\r\n<h3>Побочные действия</h3>\r\n\r\n<p>Аллергические реакции: сыпь, отек лица, одышка, покраснение кожи, зуд, волдыри, шок. В случае возникновения аллергической реакции следует прекратить прием препарата и обратиться к врачу.<br />\r\nСо стороны пищеварительной системы: боли в желудке, кишечнике, запор, диарея, тошнота, рвота.<br />\r\nСо стороны нервной системы: головная боль, головокружение, бессонница, нервозность.<br />\r\nМетаболические нарушения: гиперкальциурия.</p>\r\n\r\n<h3>Передозировка</h3>\r\n\r\n<p>Поскольку Супрадин&reg; содержит жирорастворимые витамины А и D, признаки острой или хронической передозировки могут развиться после однократного приема высокой дозы или при длительном применении.<br />\r\nПризнаки передозировки включают внезапные приступы головной боли, головокружение, спутанность сознания, а также расстройства ЖКТ, включая тошноту, диарею или запоры.<br />\r\nПри возникновении указанных симптомов необходимо немедленно прекратить прием препарата и обратиться к врачу. При случайной передозировке более 12 таблеток для детей (масса тела 12 кг) и более 60 таблеток для взрослых (масса тела 60 кг) следует вызвать рвоту или промыть желудок. Терапия симптоматическая, специфический антидот отсутствует.<br />\r\nУ некоторых пациентов с дефицитом глюкозо-6-фосфат дегидрогеназы передозировка витамина C (более 15 г) может вызывать гемолитическую анемию.</p>\r\n\r\n<h3>Взаимодействие с другими препаратами</h3>\r\n\r\n<p>Не принимать одновременно другие поливитаминные препараты.<br />\r\nПрепараты с витамином Е в составе должны применяться с осторожностью больными, получающими антикоагулянты или препараты, воздействующие на агрегацию тромбоцитов.<br />\r\nВитамин В6 даже в малых дозах усиливает периферический метаболизм леводопы в результате чего терапевтический эффект леводопы при лечении болезни Паркинсона может уменьшаться.<br />\r\nПрепараты, содержащие железо, кальций, магний, медь и цинк могут задерживать всасывание пероральных антибиотиков из группы тетрациклинов и противовирусных препаратов. Необходимо придерживаться интервала минимум 1-2 часа между приемом этих препаратов.<br />\r\nОдновременный прием слабительных препаратов, таких как парафиновое масло, может вызвать нарушение всасывания витамина D в ЖКТ.<br />\r\nПрием продуктов питания, содержащих оксалаты (щавель, шпинат, ревень) и фитин (цельные хлебные злаки) снижает всасываемость кальция, поэтому не следует принимать препарат в течение двух часов после приема пищи, содержащей значительные количества щавелевой и фитиновой кислот.</p>\r\n\r\n<p><a name=\"cautions\"></a></p>\r\n\r\n<h3>Особые указания</h3>\r\n\r\n<p>Пациенты, принимающие другие лекарственные средства, должны проконсультироваться с врачом перед тем как начать прием препарата Супрадин&reg;.<br />\r\nРекомендуемая доза препарата не должна быть превышена, поскольку очень высокие дозы некоторых ингредиентов препарата, в частности витамина А, витамина D, железа и меди могут оказывать неблагоприятное воздействие на организм человека. Так, чрезмерный прием витамина А в короткие сроки в дозировке более 500000 МЕ приводит к острому гипервитаминозу, выражающемуся в недомогании, боли в животе, головной боли с тошнотой и рвотой, головокружении. Длительный прием витамина А в дозировке более 100000 МЕ/день приводит к хроническому гипервитаминозу, проявляющемуся костной и суставной болью, сухостью кожи и ломкостью ногтей, выпадением волос и потерей веса. Избыточный прием витамина D в дозировке 2000 МЕ в течение нескольких недель или месяцев также приводит к гипервитаминозу, симптомами которого являются тошнота, рвота, жажда, нарушение стула, обезвоживание.<br />\r\nНаличие в препарате рибофлавина может вызвать окрашивание мочи в ярко-желтый цвет, что совершенно безвредно.</p>\r\n\r\n<h3>Условия хранения</h3>\r\n\r\n<p>При температуре не выше 25 &deg;С, предохранять от нагревания и влаги. Хранить в недоступном для детей месте.</p>\r\n\r\n<h3>Срок хранения после открытия</h3>\r\n\r\n<p>2 года. Не использовать по истечении срока годности.</p>", "price": "540.00", "discount": 5, "category": 1, "status": true, "created": "2022-02-26T12:54:29.658Z"}}, {"model": "shop.ratingstar", "pk": 1, "fields": {"value": 1}}, {"model": "shop.ratingstar", "pk": 2, "fields": {"value": 2}}, {"model": "shop.ratingstar", "pk": 3, "fields": {"value": 3}}, {"model": "shop.ratingstar", "pk": 4, "fields": {"value": 4}}, {"model": "shop.ratingstar", "pk": 5, "fields": {"value": 5}}, {"model": "shop.reviews", "pk": 45, "fields": {"email": "ricardo@mail.ru", "name": "Иса", "product": 4, "user": 3, "text": "Крутой товар", "created": "2022-02-25T13:37:54.072Z", "star": 5}}, {"model": "shop.reviews", "pk": 46, "fields": {"email": "ricardo@mail.ru", "name": "Иса", "product": 4, "user": 2, "text": "Крутой товар", "created": "2022-02-25T13:38:11.839Z", "star": 5}}, {"model": "shop.reviews", "pk": 47, "fields": {"email": "ricardo@mail.ru", "name": "Иса", "product": 4, "user": 2, "text": "Крутой товар", "created": "2022-02-25T13:38:40.277Z", "star": 5}}, {"model": "shop.reviews", "pk": 48, "fields": {"email": "ricardo@mail.ru", "name": "Иса", "product": 4, "user": 3, "text": "Крутой товар", "created": "2022-02-25T14:09:19.603Z", "star": 5}}, {"model": "shop.reviews", "pk": 49, "fields": {"email": "ricardo@mail.ru", "name": "Иса", "product": 4, "user": 3, "text": "Крутой товар", "created": "2022-02-25T14:09:19.602Z", "star": 5}}, {"model": "shop.reviews", "pk": 50, "fields": {"email": "ricardo@mail.ru", "name": "Иса", "product": 4, "user": 3, "text": "Крутой товар", "created": "2022-02-25T14:39:44.381Z", "star": 5}}, {"model": "shop.reviews", "pk": 51, "fields": {"email": "ricardo@mail.ru", "name": "Иса", "product": 4, "user": 3, "text": "Крутой товар", "created": "2022-02-25T14:39:44.388Z", "star": 5}}, {"model": "shop.reviews", "pk": 52, "fields": {"email": "ricardo@mail.ru", "name": "Иса", "product": 4, "user": 3, "text": "Крутой товар", "created": "2022-02-26T11:12:12.192Z", "star": 5}}, {"model": "shop.reviews", "pk": 53, "fields": {"email": "ricardo@mail.ru", "name": "Иса", "product": 4, "user": 3, "text": "Крутой товар", "created": "2022-02-26T11:12:12.193Z", "star": 5}}, {"model": "shop.reviews", "pk": 54, "fields": {"email": "ricardo@mail.ru", "name": "Иса", "product": 4, "user": 3, "text": "Крутой товар", "created": "2022-02-26T12:08:57.409Z", "star": 5}}, {"model": "shop.reviews", "pk": 55, "fields": {"email": "ricardo@mail.ru", "name": "Иса", "product": 4, "user": 3, "text": "Крутой товар", "created": "2022-02-26T12:08:57.411Z", "star": 5}}, {"model": "shop.reviews", "pk": 56, "fields": {"email": "ricardo@mail.ru", "name": "Иса", "product": 4, "user": 3, "text": "Крутой товар", "created": "2022-02-26T12:09:34.017Z", "star": 5}}, {"model": "shop.reviews", "pk": 57, "fields": {"email": "ricardo@mail.ru", "name": "Иса", "product": 4, "user": 3, "text": "Крутой товар", "created": "2022-02-26T12:09:34.028Z", "star": 5}}, {"model": "shop.reviews", "pk": 58, "fields": {"email": "ricardo@mail.ru", "name": "Иса", "product": 4, "user": 2, "text": "Крутой товар", "created": "2022-02-26T12:10:02.805Z", "star": 5}}, {"model": "shop.reviews", "pk": 59, "fields": {"email": "ricardo@mail.ru", "name": "Иса", "product": 4, "user": 2, "text": "Крутой товар", "created": "2022-02-26T12:10:02.834Z", "star": 5}}, {"model": "shop.reviews", "pk": 60, "fields": {"email": "ricardo@mail.ru", "name": "Иса", "product": 4, "user": null, "text": "Крутой товар", "created": "2022-02-26T12:26:42.705Z", "star": 5}}, {"model": "shop.reviews", "pk": 61, "fields": {"email": "ricardo@mail.ru", "name": "Иса", "product": 4, "user": null, "text": "Крутой товар", "created": "2022-02-26T12:26:42.724Z", "star": 5}}, {"model": "shop.reviews", "pk": 62, "fields": {"email": "ricardo@mail.ru", "name": "Иса", "product": 4, "user": null, "text": "Крутой товар", "created": "2022-02-26T12:28:43.168Z", "star": 5}}, {"model": "shop.reviews", "pk": 63, "fields": {"email": "ricardo@mail.ru", "name": "Иса", "product": 4, "user": null, "text": "Крутой товар", "created": "2022-02-26T12:28:43.170Z", "star": 5}}, {"model": "shop.reviews", "pk": 64, "fields": {"email": "ricardo@mail.ru", "name": "Иса", "product": 4, "user": 5, "text": "Крутой товар", "created": "2022-02-26T13:12:25.716Z", "star": 5}}, {"model": "shop.reviews", "pk": 65, "fields": {"email": "ricardo@mail.ru", "name": "Иса", "product": 4, "user": 2, "text": "Крутой товар", "created": "2022-02-26T13:12:25.729Z", "star": 5}}, {"model": "shop.reviews", "pk": 66, "fields": {"email": "ricardo@mail.ru", "name": "Иса", "product": 4, "user": null, "text": "Крутой товар", "created": "2022-02-28T10:36:47.502Z", "star": 5}}, {"model": "shop.reviews", "pk": 67, "fields": {"email": "ricardo@mail.ru", "name": "Иса", "product": 4, "user": null, "text": "Крутой товар", "created": "2022-02-28T10:37:12.606Z", "star": 5}}, {"model": "shop.reviews", "pk": 68, "fields": {"email": "ricardo@mail.ru", "name": "Иса", "product": 4, "user": null, "text": "Крутой товар", "created": "2022-02-28T10:37:12.609Z", "star": 5}}, {"model": "shop.reviews", "pk": 69, "fields": {"email": "ricardo@mail.ru", "name": "Иса", "product": 4, "user": null, "text": "Крутой товар", "created": "2022-02-28T10:38:15.800Z", "star": 5}}, {"model": "shop.reviews", "pk": 70, "fields": {"email": "ricardo@mail.ru", "name": "Иса", "product": 4, "user": null, "text": "Крутой товар", "created": "2022-02-28T10:38:15.804Z", "star": 5}}, {"model": "shop.reviews", "pk": 71, "fields": {"email": "ricardo@mail.ru", "name": "Иса", "product": 4, "user": null, "text": "Крутой товар", "created": "2022-02-28T10:40:32.296Z", "star": 5}}, {"model": "shop.reviews", "pk": 72, "fields": {"email": "ricardo@mail.ru", "name": "Иса", "product": 4, "user": null, "text": "Крутой товар", "created": "2022-02-28T10:40:32.302Z", "star": 5}}, {"model": "shop.reviews", "pk": 73, "fields": {"email": "ricardo@mail.ru", "name": "Иса", "product": 4, "user": null, "text": "Крутой товар", "created": "2022-02-28T10:42:07.174Z", "star": 5}}, {"model": "shop.reviews", "pk": 74, "fields": {"email": "ricardo@mail.ru", "name": "Иса", "product": 4, "user": null, "text": "Крутой товар", "created": "2022-02-28T10:42:07.187Z", "star": 5}}, {"model": "shop.reviews", "pk": 75, "fields": {"email": "ricardo@mail.ru", "name": "Иса", "product": 4, "user": null, "text": "Крутой товар", "created": "2022-02-28T10:44:35.567Z", "star": 5}}, {"model": "shop.reviews", "pk": 76, "fields": {"email": "ricardo@mail.ru", "name": "Иса", "product": 4, "user": null, "text": "Крутой товар", "created": "2022-02-28T10:44:51.008Z", "star": 5}}, {"model": "shop.reviews", "pk": 77, "fields": {"email": "ricardo@mail.ru", "name": "Иса", "product": 4, "user": null, "text": "Крутой товар", "created": "2022-02-28T10:44:51.015Z", "star": 5}}, {"model": "shop.reviews", "pk": 78, "fields": {"email": "ricardo@mail.ru", "name": "Иса", "product": 4, "user": null, "text": "Крутой товар", "created": "2022-02-28T10:45:33.201Z", "star": 5}}, {"model": "shop.reviews", "pk": 79, "fields": {"email": "ricardo@mail.ru", "name": "Иса", "product": 4, "user": null, "text": "Крутой товар", "created": "2022-02-28T10:45:33.223Z", "star": 5}}, {"model": "shop.reviews", "pk": 80, "fields": {"email": "ricardo@mail.ru", "name": "Иса", "product": 4, "user": null, "text": "Крутой товар", "created": "2022-02-28T10:49:22.104Z", "star": 5}}, {"model": "shop.reviews", "pk": 81, "fields": {"email": "ricardo@mail.ru", "name": "Иса", "product": 4, "user": null, "text": "Крутой товар", "created": "2022-02-28T10:49:22.107Z", "star": 5}}, {"model": "shop.reviews", "pk": 82, "fields": {"email": "ricardo@mail.ru", "name": "Иса", "product": 4, "user": null, "text": "Крутой товар", "created": "2022-03-01T12:37:28.257Z", "star": 5}}, {"model": "shop.reviews", "pk": 83, "fields": {"email": "ricardo@mail.ru", "name": "Иса", "product": 4, "user": null, "text": "Крутой товар", "created": "2022-03-01T12:37:28.273Z", "star": 5}}, {"model": "shop.reviews", "pk": 84, "fields": {"email": "ricardo@mail.ru", "name": "Иса", "product": 4, "user": null, "text": "Крутой товар", "created": "2022-03-01T13:44:31.099Z", "star": 5}}, {"model": "shop.reviews", "pk": 85, "fields": {"email": "ricardo@mail.ru", "name": "Иса", "product": 4, "user": null, "text": "Крутой товар", "created": "2022-03-01T13:45:08.188Z", "star": 5}}, {"model": "shop.reviews", "pk": 86, "fields": {"email": "ricardo@mail.ru", "name": "Иса", "product": 4, "user": null, "text": "Крутой товар", "created": "2022-03-01T13:45:08.197Z", "star": 5}}, {"model": "shop.reviews", "pk": 87, "fields": {"email": "ricardo@mail.ru", "name": "Иса", "product": 4, "user": null, "text": "Крутой товар", "created": "2022-03-01T13:45:41.322Z", "star": 5}}, {"model": "shop.reviews", "pk": 88, "fields": {"email": "ricardo@mail.ru", "name": "Иса", "product": 4, "user": null, "text": "Крутой товар", "created": "2022-03-01T13:45:41.340Z", "star": 5}}, {"model": "shop.reviews", "pk": 89, "fields": {"email": "ricardo@mail.ru", "name": "Иса", "product": 4, "user": null, "text": "Крутой товар", "created": "2022-03-01T13:46:08.311Z", "star": 5}}, {"model": "shop.reviews", "pk": 90, "fields": {"email": "ricardo@mail.ru", "name": "Иса", "product": 4, "user": null, "text": "Крутой товар", "created": "2022-03-01T13:46:08.318Z", "star": 5}}, {"model": "shop.reviews", "pk": 91, "fields": {"email": "ricardo@mail.ru", "name": "Иса", "product": 4, "user": null, "text": "Крутой товар", "created": "2022-03-01T13:46:41.408Z", "star": 5}}, {"model": "shop.reviews", "pk": 92, "fields": {"email": "ricardo@mail.ru", "name": "Иса", "product": 4, "user": null, "text": "Крутой товар", "created": "2022-03-01T13:46:41.416Z", "star": 5}}, {"model": "shop.reviews", "pk": 93, "fields": {"email": "ricardo@mail.ru", "name": "Иса", "product": 4, "user": null, "text": "Крутой товар", "created": "2022-03-01T13:51:26.668Z", "star": 5}}, {"model": "shop.reviews", "pk": 94, "fields": {"email": "ricardo@mail.ru", "name": "Иса", "product": 4, "user": null, "text": "Крутой товар", "created": "2022-03-01T13:51:26.679Z", "star": 5}}, {"model": "shop.reviews", "pk": 95, "fields": {"email": "ricardo@mail.ru", "name": "Иса", "product": 4, "user": null, "text": "Крутой товар", "created": "2022-03-01T13:53:38.569Z", "star": 5}}, {"model": "shop.reviews", "pk": 96, "fields": {"email": "ricardo@mail.ru", "name": "Иса", "product": 4, "user": null, "text": "Крутой товар", "created": "2022-03-01T13:53:38.570Z", "star": 5}}, {"model": "shop.reviews", "pk": 97, "fields": {"email": "ricardo@mail.ru", "name": "Иса", "product": 4, "user": null, "text": "Крутой товар", "created": "2022-03-01T13:55:23.283Z", "star": 5}}, {"model": "shop.reviews", "pk": 98, "fields": {"email": "ricardo@mail.ru", "name": "Иса", "product": 4, "user": null, "text": "Крутой товар", "created": "2022-03-01T13:55:23.290Z", "star": 5}}, {"model": "shop.reviews", "pk": 99, "fields": {"email": "ricardo@mail.ru", "name": "Иса", "product": 4, "user": null, "text": "Крутой товар", "created": "2022-03-01T13:56:13.882Z", "star": 5}}, {"model": "shop.reviews", "pk": 100, "fields": {"email": "ricardo@mail.ru", "name": "Иса", "product": 4, "user": null, "text": "Крутой товар", "created": "2022-03-01T13:56:16.068Z", "star": 5}}, {"model": "shop.reviews", "pk": 101, "fields": {"email": "ricardo@mail.ru", "name": "Иса", "product": 4, "user": null, "text": "Крутой товар", "created": "2022-03-01T13:56:40.951Z", "star": 5}}, {"model": "shop.reviews", "pk": 102, "fields": {"email": "ricardo@mail.ru", "name": "Иса", "product": 4, "user": null, "text": "Крутой товар", "created": "2022-03-01T13:59:35.480Z", "star": 5}}, {"model": "shop.reviews", "pk": 103, "fields": {"email": "ricardo@mail.ru", "name": "Иса", "product": 4, "user": null, "text": "Крутой товар", "created": "2022-03-01T13:59:35.496Z", "star": 5}}, {"model": "shop.reviews", "pk": 104, "fields": {"email": "ricardo@mail.ru", "name": "Иса", "product": 4, "user": null, "text": "Крутой товар", "created": "2022-03-01T13:59:40.761Z", "star": 5}}, {"model": "shop.reviews", "pk": 105, "fields": {"email": "ricardo@mail.ru", "name": "Иса", "product": 4, "user": null, "text": "Крутой товар", "created": "2022-03-01T14:00:15.423Z", "star": 5}}, {"model": "shop.reviews", "pk": 106, "fields": {"email": "ricardo@mail.ru", "name": "Иса", "product": 4, "user": null, "text": "Крутой товар", "created": "2022-03-01T14:00:17.423Z", "star": 5}}, {"model": "shop.reviews", "pk": 107, "fields": {"email": "ricardo@mail.ru", "name": "Иса", "product": 4, "user": null, "text": "Крутой товар", "created": "2022-03-01T14:00:22.357Z", "star": 5}}, {"model": "shop.reviews", "pk": 108, "fields": {"email": "ricardo@mail.ru", "name": "Иса", "product": 4, "user": null, "text": "Крутой товар", "created": "2022-03-01T14:00:31.585Z", "star": 5}}, {"model": "shop.reviews", "pk": 109, "fields": {"email": "ricardo@mail.ru", "name": "Иса", "product": 4, "user": null, "text": "Крутой товар", "created": "2022-03-01T14:00:31.593Z", "star": 5}}, {"model": "shop.reviews", "pk": 110, "fields": {"email": "ricardo@mail.ru", "name": "Иса", "product": 4, "user": null, "text": "Крутой товар", "created": "2022-03-01T14:01:27.201Z", "star": 5}}, {"model": "shop.reviews", "pk": 111, "fields": {"email": "ricardo@mail.ru", "name": "Иса", "product": 4, "user": null, "text": "Крутой товар", "created": "2022-03-01T14:01:58.236Z", "star": 5}}, {"model": "shop.reviews", "pk": 112, "fields": {"email": "ricardo@mail.ru", "name": "Иса", "product": 4, "user": null, "text": "Крутой товар", "created": "2022-03-01T14:01:59.965Z", "star": 5}}, {"model": "shop.reviews", "pk": 113, "fields": {"email": "ricardo@mail.ru", "name": "Иса", "product": 4, "user": null, "text": "Крутой товар", "created": "2022-03-01T14:02:01.168Z", "star": 5}}, {"model": "shop.reviews", "pk": 114, "fields": {"email": "ricardo@mail.ru", "name": "Иса", "product": 4, "user": null, "text": "Крутой товар", "created": "2022-03-01T14:06:21.072Z", "star": 5}}, {"model": "shop.reviews", "pk": 115, "fields": {"email": "ricardo@mail.ru", "name": "Иса", "product": 4, "user": null, "text": "Крутой товар", "created": "2022-03-01T14:07:15.670Z", "star": 5}}, {"model": "shop.reviews", "pk": 116, "fields": {"email": "ricardo@mail.ru", "name": "Иса", "product": 4, "user": null, "text": "Крутой товар", "created": "2022-03-01T14:07:31.538Z", "star": 5}}, {"model": "shop.reviews", "pk": 117, "fields": {"email": "ricardo@mail.ru", "name": "Иса", "product": 4, "user": null, "text": "Крутой товар", "created": "2022-03-01T14:07:31.549Z", "star": 5}}, {"model": "shop.reviews", "pk": 118, "fields": {"email": "islambulut2004@mail.ru", "name": "Ислам", "product": 4, "user": null, "text": "Крутой товар", "created": "2022-03-01T14:11:18.943Z", "star": 5}}, {"model": "shop.reviews", "pk": 119, "fields": {"email": "islambulut2004@mail.ru", "name": "Ислам", "product": 4, "user": null, "text": "Крутой товар", "created": "2022-03-01T14:11:18.953Z", "star": 5}}, {"model": "shop.reviews", "pk": 120, "fields": {"email": "ricardo@mail.ru", "name": "Ислам", "product": 5, "user": null, "text": "Крутой товар", "created": "2022-03-02T09:18:19.914Z", "star": 5}}, {"model": "shop.reviews", "pk": 121, "fields": {"email": "ricardo@mail.ru", "name": "Ислам", "product": 5, "user": null, "text": "Крутой товар", "created": "2022-03-02T09:18:19.919Z", "star": 5}}, {"model": "shop.reviews", "pk": 122, "fields": {"email": "ricardo@mail.ru", "name": "Ислам", "product": 8, "user": null, "text": "sexiboy но не твой", "created": "2022-03-02T12:23:35.921Z", "star": 5}}, {"model": "shop.reviews", "pk": 123, "fields": {"email": "ricardo@mail.ru", "name": "Ислам", "product": 8, "user": null, "text": "sexiboy но не твой", "created": "2022-03-02T12:23:35.920Z", "star": 5}}, {"model": "shop.reviews", "pk": 124, "fields": {"email": "islambulut2004@mail.ru", "name": "Ислам", "product": 5, "user": null, "text": "oinsfopirng", "created": "2022-03-03T13:42:10.511Z", "star": 5}}, {"model": "shop.reviews", "pk": 125, "fields": {"email": "islambulut2004@mail.ru", "name": "Ислам", "product": 5, "user": null, "text": "oinsfopirng", "created": "2022-03-03T13:42:10.511Z", "star": 5}}, {"model": "shop.reviews", "pk": 126, "fields": {"email": "ricardo@mail.ru", "name": "О деньгах", "product": 5, "user": null, "text": "fsrzj", "created": "2022-03-03T13:47:54.417Z", "star": 5}}, {"model": "shop.reviews", "pk": 127, "fields": {"email": "ricardo@mail.ru", "name": "О деньгах", "product": 5, "user": null, "text": "fsrzj", "created": "2022-03-03T13:47:54.430Z", "star": 5}}, {"model": "shop.reviews", "pk": 128, "fields": {"email": "islam@mail.ru", "name": "Аида", "product": 5, "user": null, "text": "Крутой товар", "created": "2022-03-03T13:50:33.200Z", "star": 5}}, {"model": "shop.reviews", "pk": 129, "fields": {"email": "dastan@mail.ru", "name": "Дастан", "product": 5, "user": null, "text": "bulutbek", "created": "2022-03-03T13:59:33.639Z", "star": 5}}, {"model": "shop.reviews", "pk": 130, "fields": {"email": "dastan@mail.ru", "name": "Дастан", "product": 5, "user": null, "text": "bulutbek", "created": "2022-03-03T13:59:33.651Z", "star": 5}}, {"model": "shop.reviews", "pk": 131, "fields": {"email": "islambulut2005@mail.ru", "name": "Аида", "product": 5, "user": null, "text": "Крутой товар", "created": "2022-03-03T13:59:55.677Z", "star": 5}}, {"model": "shop.reviews", "pk": 132, "fields": {"email": "islambulut2005@mail.ru", "name": "Аида", "product": 5, "user": null, "text": "Крутой товар", "created": "2022-03-03T13:59:55.683Z", "star": 5}}, {"model": "shop.reviews", "pk": 133, "fields": {"email": "islam@mail.ru", "name": "Ислам", "product": 5, "user": null, "text": "Крутой товар", "created": "2022-03-03T14:12:40.404Z", "star": 5}}, {"model": "shop.reviews", "pk": 134, "fields": {"email": "islam@mail.ru", "name": "qqqq", "product": 5, "user": null, "text": "qqqsqsq", "created": "2022-03-03T14:19:27.320Z", "star": 5}}, {"model": "shop.reviews", "pk": 135, "fields": {"email": "ricardo@mail.ru", "name": "qqqq", "product": 5, "user": null, "text": "qqqqqyweed", "created": "2022-03-03T14:19:53.197Z", "star": 5}}, {"model": "shop.reviews", "pk": 136, "fields": {"email": "ricardo@mail.ru", "name": "qqw", "product": 5, "user": null, "text": "fsrgs", "created": "2022-03-03T14:20:30.751Z", "star": 3}}, {"model": "shop.reviews", "pk": 137, "fields": {"email": "ricardo@mail.ru", "name": "Ислам", "product": 2, "user": null, "text": "круто", "created": "2022-03-05T13:04:46.820Z", "star": 5}}, {"model": "shop.reviews", "pk": 138, "fields": {"email": "islam@mail.ru", "name": "Ади", "product": 2, "user": null, "text": "Very гуд", "created": "2022-03-05T13:05:20.938Z", "star": 5}}, {"model": "shop.reviews", "pk": 139, "fields": {"email": "jasp2001@mail.ru", "name": "Бекжан", "product": 2, "user": null, "text": "Крутой товар", "created": "2022-03-05T13:05:46.427Z", "star": 5}}, {"model": "shop.reviews", "pk": 140, "fields": {"email": "ricardo@mail.ru", "name": "Нурчик", "product": 2, "user": null, "text": "Полезно", "created": "2022-03-05T13:10:59.611Z", "star": 5}}, {"model": "shop.reviews", "pk": 141, "fields": {"email": "islambulut2005@mail.ru", "name": "Нурбо", "product": 2, "user": null, "text": "Классно", "created": "2022-03-05T13:15:08.622Z", "star": 5}}, {"model": "shop.reviews", "pk": 142, "fields": {"email": "islambulut2005@mail.ru", "name": "Нурбо", "product": 2, "user": null, "text": "Классно", "created": "2022-03-05T13:15:09.249Z", "star": 5}}, {"model": "shop.reviews", "pk": 143, "fields": {"email": "islam@mail.ru", "name": "Нурбо", "product": 2, "user": null, "text": "Классно", "created": "2022-03-05T13:16:05.230Z", "star": 5}}, {"model": "shop.reviews", "pk": 144, "fields": {"email": "islam@mail.ru", "name": "Нурбо", "product": 2, "user": null, "text": "круто", "created": "2022-03-05T13:16:36.072Z", "star": 5}}, {"model": "shop.reviews", "pk": 145, "fields": {"email": "islambulut@mail.ru", "name": "Аида", "product": 2, "user": null, "text": "круто", "created": "2022-03-05T13:17:13.594Z", "star": 4}}, {"model": "shop.reviews", "pk": 146, "fields": {"email": "max@mail.ru", "name": "Максат", "product": 2, "user": null, "text": "круто оень", "created": "2022-03-05T13:55:39.705Z", "star": 5}}, {"model": "shop.reviews", "pk": 147, "fields": {"email": "jasp2001@mail.ru", "name": "Максат", "product": 2, "user": null, "text": "тлпк", "created": "2022-03-05T14:09:52.695Z", "star": 5}}, {"model": "shop.reviews", "pk": 148, "fields": {"email": "max@mail.ru", "name": "Максат", "product": 2, "user": null, "text": "круто оень", "created": "2022-03-05T14:14:40.102Z", "star": 5}}, {"model": "shop.reviews", "pk": 149, "fields": {"email": "ricardo@mail.ru", "name": "Аби", "product": 2, "user": null, "text": "Круто", "created": "2022-03-05T14:27:55.848Z", "star": 5}}, {"model": "shop.reviews", "pk": 150, "fields": {"email": "ricardo@mail.ru", "name": "Аида", "product": 2, "user": null, "text": "oinsfopirng", "created": "2022-03-05T14:28:16.792Z", "star": 4}}, {"model": "shop.reviews", "pk": 151, "fields": {"email": "islambulut2005@mail.ru", "name": "Нурбо", "product": 2, "user": null, "text": "Крутой товар", "created": "2022-03-05T14:28:38.146Z", "star": 1}}, {"model": "shop.reviews", "pk": 152, "fields": {"email": "abi@mail.ru", "name": "Аби", "product": 2, "user": null, "text": "abi", "created": "2022-03-05T14:43:43.090Z", "star": 5}}, {"model": "shop.reviews", "pk": 153, "fields": {"email": "sabina@mail.ru", "name": "Сабина", "product": 2, "user": null, "text": "Very гуд", "created": "2022-03-05T14:44:18.759Z", "star": 3}}, {"model": "shop.reviews", "pk": 154, "fields": {"email": "alibek@mail.ru", "name": "Alibek", "product": 5, "user": null, "text": "слишком хорошо", "created": "2022-03-07T12:30:45.240Z", "star": 2}}, {"model": "shop.reviews", "pk": 155, "fields": {"email": "nur@mali.tu", "name": "Нуржигит", "product": 8, "user": null, "text": "Крутой товар", "created": "2022-03-12T13:01:44.796Z", "star": 2}}, {"model": "shop.reviews", "pk": 156, "fields": {"email": "islam@mail.ru", "name": "Нуржигит", "product": 9, "user": null, "text": "Крутой товар", "created": "2022-03-12T13:50:44.299Z", "star": 4}}, {"model": "shop.reviews", "pk": 157, "fields": {"email": "ricardo@mail.ru", "name": "Аида", "product": 9, "user": null, "text": "fsrzj", "created": "2022-03-12T13:51:24.610Z", "star": 5}}, {"model": "shop.reviews", "pk": 158, "fields": {"email": "ricardo@mail.ru", "name": "Нурбо", "product": 9, "user": null, "text": "Крутой товар", "created": "2022-03-12T13:52:37.243Z", "star": 5}}, {"model": "shop.reviews", "pk": 159, "fields": {"email": "jasp2001@mail.ru", "name": "Ислам", "product": 9, "user": null, "text": "Крутой товар", "created": "2022-03-12T13:54:02.012Z", "star": 5}}, {"model": "shop.reviews", "pk": 160, "fields": {"email": "islambulut@mail.ru", "name": "рекомандасьон", "product": 10, "user": null, "text": "Крутой товар", "created": "2022-03-12T14:19:21.222Z", "star": 5}}, {"model": "shop.reviews", "pk": 161, "fields": {"email": "ricardo@mail.ru", "name": "рекомандасьон", "product": 10, "user": null, "text": "oinsfopirng", "created": "2022-03-12T14:20:24.164Z", "star": 5}}, {"model": "shop.reviews", "pk": 162, "fields": {"email": "ricardo@mail.ru", "name": "Ислам", "product": 10, "user": null, "text": "Very гуд", "created": "2022-03-12T14:24:43.236Z", "star": 5}}, {"model": "shop.reviews", "pk": 163, "fields": {"email": "ricardo@mail.ru", "name": "Ислам", "product": 10, "user": null, "text": "Very гуд", "created": "2022-03-12T14:25:27.521Z", "star": 5}}]